user_id,dest_id,rating,visit_duration,season_visited,would_revisit
276,70,1.8,4,winter,1
419,44,3.0,14,spring,0
241,23,1.5,14,winter,0
173,16,1.8,9,winter,0
59,26,2.7,14,summer,0
387,110,2.8,12,winter,1
96,62,2.4,5,winter,1
84,61,4.9,12,summer,0
387,77,4.3,13,winter,0
239,10,2.1,8,spring,1
490,105,3.2,6,spring,0
120,191,3.3,10,autumn,0
151,184,2.7,7,summer,1
311,114,3.0,13,spring,1
406,32,2.4,14,spring,1
473,188,4.1,10,spring,0
195,51,4.9,10,winter,1
199,49,3.4,14,summer,0
67,83,2.9,14,spring,1
227,156,3.7,9,summer,0
486,40,4.1,12,autumn,0
109,138,3.1,13,winter,1
245,48,1.5,12,spring,0
100,149,1.0,5,autumn,0
57,20,1.6,10,autumn,1
257,135,5.0,12,winter,1
14,43,3.4,5,spring,0
120,170,4.6,12,autumn,0
359,55,3.0,14,autumn,0
420,76,4.6,8,winter,0
349,157,2.8,3,summer,0
213,172,3.1,10,summer,1
339,58,4.0,4,summer,0
96,17,2.8,10,winter,1
330,92,3.3,13,spring,1
420,61,4.0,10,spring,1
489,5,2.7,5,winter,1
287,3,2.7,8,autumn,1
402,36,3.5,9,summer,0
72,171,3.2,5,autumn,1
477,145,2.0,14,summer,0
189,153,3.2,9,winter,1
72,183,3.7,10,spring,1
330,63,2.5,9,spring,1
86,19,3.1,1,autumn,1
378,59,3.9,1,autumn,1
242,9,2.8,2,winter,1
144,100,3.9,6,autumn,1
499,164,2.9,10,spring,0
116,111,2.8,12,spring,0
328,88,4.2,14,winter,1
435,30,4.8,4,summer,1
50,59,2.9,4,autumn,1
18,68,4.0,4,summer,0
92,77,3.7,9,winter,1
285,185,1.5,2,summer,1
1,108,3.1,11,winter,0
63,180,3.2,11,winter,1
140,28,2.2,9,spring,1
386,65,2.8,7,winter,1
459,79,3.1,4,spring,1
429,41,2.4,2,autumn,1
66,74,4.1,7,winter,0
457,41,2.6,10,autumn,1
312,60,4.1,9,summer,1
305,35,2.6,5,spring,0
8,1,3.9,3,spring,1
233,117,3.4,11,autumn,1
164,171,1.3,13,spring,0
34,25,4.0,6,spring,0
10,12,4.8,9,autumn,1
379,47,1.7,10,autumn,0
116,89,3.2,13,autumn,1
454,67,1.8,5,autumn,0
119,161,3.9,7,winter,1
53,160,4.1,5,autumn,0
428,30,3.8,3,autumn,1
493,181,3.8,7,winter,0
21,189,3.8,4,spring,1
491,23,4.3,12,summer,0
438,72,3.8,13,spring,1
306,110,3.4,10,autumn,1
461,56,4.6,12,summer,1
315,73,3.1,6,autumn,1
373,190,4.8,7,winter,1
209,188,3.5,7,autumn,1
123,55,3.8,6,summer,0
235,117,1.0,14,autumn,1
255,172,5.0,6,autumn,1
399,143,3.2,3,summer,1
220,44,2.6,7,summer,0
104,76,4.2,2,winter,0
249,145,2.5,9,summer,1
445,40,3.8,5,winter,1
465,158,3.0,10,summer,1
40,15,3.9,4,winter,0
74,156,5.0,12,spring,0
352,41,2.6,11,winter,0
249,17,1.1,3,autumn,1
227,78,4.5,10,spring,1
62,14,1.8,12,autumn,0
101,90,2.1,2,autumn,0
25,188,3.2,13,spring,0
21,47,3.0,14,winter,0
384,25,2.4,2,summer,0
72,184,1.8,8,summer,1
42,164,3.8,5,winter,0
464,86,3.6,7,summer,1
132,79,2.2,4,winter,1
334,146,3.0,1,autumn,0
354,56,4.6,5,winter,0
255,139,1.3,13,spring,0
121,132,3.5,10,spring,1
31,119,2.3,5,winter,0
247,168,2.8,14,spring,1
422,166,3.5,8,spring,0
22,51,3.7,7,summer,1
141,71,2.3,5,autumn,1
222,37,2.9,9,winter,0
178,30,2.7,10,summer,0
197,75,4.3,8,summer,1
272,26,3.5,2,autumn,1
4,33,5.0,10,summer,0
482,13,2.2,2,summer,1
267,103,2.8,10,autumn,0
296,44,2.8,2,autumn,1
445,192,1.4,13,summer,1
347,189,3.0,12,winter,1
40,56,4.5,14,winter,1
164,173,3.8,1,spring,1
194,151,1.2,14,winter,1
484,27,2.9,3,winter,1
408,17,2.8,6,spring,1
210,77,3.2,1,summer,1
353,28,3.3,12,autumn,1
409,162,4.5,6,winter,0
234,134,2.6,3,autumn,1
426,77,1.8,12,spring,0
484,40,2.3,3,spring,1
374,4,2.9,11,spring,1
158,80,1.7,1,spring,1
188,150,2.5,11,autumn,0
334,4,4.2,5,winter,1
121,148,2.2,2,spring,1
99,152,2.9,7,autumn,0
147,178,4.0,1,autumn,1
75,130,4.6,5,summer,1
402,77,5.0,14,autumn,0
332,135,2.3,10,spring,1
167,149,2.7,8,winter,0
470,108,4.6,3,winter,1
389,81,3.7,7,spring,0
177,69,2.0,14,autumn,0
346,132,4.2,7,winter,1
493,11,2.4,13,summer,1
126,97,3.6,9,spring,0
29,58,4.7,5,spring,1
180,138,2.8,7,spring,1
198,54,4.1,12,autumn,1
474,81,2.4,11,winter,0
184,112,3.1,8,winter,1
312,168,3.6,1,autumn,0
0,43,4.6,10,spring,1
405,68,3.2,8,autumn,1
229,37,5.0,12,summer,0
327,91,4.1,2,winter,1
271,142,4.6,13,winter,1
315,49,3.5,2,summer,0
297,122,3.0,7,spring,0
411,71,3.9,9,autumn,0
177,103,3.7,1,spring,1
305,119,1.9,5,autumn,1
311,97,3.6,14,autumn,1
385,175,4.1,7,spring,1
420,27,3.8,11,autumn,0
475,55,2.7,11,autumn,1
112,21,1.0,10,autumn,1
498,54,3.6,4,spring,1
368,133,3.0,14,autumn,1
198,122,2.1,6,summer,1
89,55,2.5,3,spring,1
439,68,3.8,10,autumn,1
214,103,3.4,9,summer,0
455,154,3.6,13,summer,0
138,73,2.7,10,winter,1
180,103,2.7,2,summer,1
80,74,3.2,5,summer,1
53,108,2.9,2,spring,1
100,22,4.7,2,autumn,0
226,186,2.2,5,summer,1
260,9,2.4,14,spring,1
89,185,1.6,10,spring,1
215,172,4.5,6,summer,1
127,82,3.1,3,spring,0
138,116,3.3,6,spring,1
199,122,4.0,12,summer,0
99,20,2.2,2,summer,1
118,188,2.3,14,autumn,1
248,175,3.9,13,winter,1
128,90,1.8,7,summer,0
150,154,3.8,4,autumn,1
26,146,2.4,12,winter,0
417,106,2.5,14,spring,1
170,141,4.7,4,autumn,1
379,3,2.9,6,winter,0
70,72,1.5,13,autumn,1
255,18,2.4,5,autumn,0
31,75,3.9,13,summer,0
31,132,1.8,14,summer,1
371,100,4.7,10,winter,1
408,92,3.1,11,summer,1
200,152,3.3,11,winter,1
10,4,4.0,11,spring,1
373,92,2.1,2,winter,1
209,158,1.3,4,autumn,1
364,69,2.1,10,autumn,0
130,77,5.0,11,autumn,1
479,173,4.3,6,summer,1
357,85,2.7,1,winter,1
27,32,2.3,11,summer,1
148,90,4.2,8,winter,1
422,106,2.3,3,spring,0
104,1,4.7,13,autumn,1
424,13,3.0,8,spring,1
337,179,4.4,5,autumn,0
362,134,4.1,14,summer,1
340,35,1.9,13,summer,0
123,118,4.5,10,autumn,0
129,14,2.3,11,autumn,0
306,0,3.4,11,winter,1
384,180,4.9,5,autumn,0
262,44,2.4,7,spring,0
324,2,2.0,1,summer,1
37,11,4.7,9,winter,1
178,70,1.8,2,summer,0
26,96,5.0,8,spring,0
446,26,2.9,8,summer,0
1,173,3.3,9,summer,1
60,64,2.1,10,summer,1
338,60,4.2,5,autumn,0
271,59,2.3,14,winter,1
17,3,2.1,8,spring,0
242,102,4.4,14,summer,1
452,189,4.4,7,spring,0
448,93,2.4,13,winter,1
56,103,3.1,3,spring,1
239,51,2.1,9,summer,0
434,1,4.4,7,summer,1
401,69,3.6,8,autumn,1
63,83,2.4,11,summer,1
460,72,3.9,10,winter,0
408,22,3.6,9,summer,0
154,131,3.6,6,spring,0
103,126,2.4,12,spring,0
368,23,4.2,9,summer,1
315,196,3.1,14,spring,1
406,95,2.9,7,spring,0
13,14,3.7,4,spring,0
60,4,3.6,10,winter,1
365,38,1.3,12,autumn,1
476,144,2.8,6,spring,1
463,120,3.2,7,winter,1
59,118,4.3,8,summer,1
59,180,5.0,11,summer,0
160,91,3.1,4,winter,0
285,191,3.8,9,autumn,1
275,190,2.6,7,winter,1
409,62,1.3,9,spring,0
454,82,4.4,4,winter,1
311,18,4.3,7,spring,0
385,32,4.3,9,spring,0
58,11,4.7,10,autumn,0
377,143,2.7,11,winter,1
497,40,2.9,12,autumn,1
441,139,4.8,9,autumn,1
191,185,4.1,6,spring,1
421,82,3.4,12,winter,0
22,13,4.5,10,winter,1
354,32,2.1,14,spring,1
361,7,2.9,2,summer,0
437,144,5.0,11,summer,0
467,125,1.5,4,winter,1
309,98,4.4,9,summer,1
185,108,2.5,11,spring,1
11,15,5.0,11,spring,1
477,11,3.3,9,autumn,1
288,100,1.0,13,autumn,1
488,92,4.2,11,summer,1
482,54,3.6,10,winter,0
469,77,4.1,5,summer,0
92,27,4.3,8,autumn,0
259,13,4.5,2,summer,0
468,155,2.2,4,winter,1
39,185,2.4,1,autumn,1
328,121,3.7,7,summer,1
261,115,2.4,6,winter,1
48,81,3.0,8,summer,0
470,91,2.0,12,spring,1
23,179,2.4,4,winter,1
304,92,2.4,6,autumn,1
95,63,4.6,6,spring,1
440,127,4.4,14,summer,1
261,11,4.7,13,spring,1
329,109,3.0,2,summer,0
225,150,2.7,11,autumn,0
480,37,4.7,3,winter,1
457,124,4.6,10,summer,1
335,151,4.8,3,autumn,1
245,94,3.8,2,autumn,1
470,35,2.8,6,autumn,0
27,155,3.5,12,autumn,1
315,170,4.4,5,autumn,0
293,122,4.8,7,autumn,1
320,180,3.9,7,summer,0
364,11,5.0,10,summer,1
136,82,3.3,8,summer,0
192,31,5.0,14,winter,1
194,153,4.7,2,winter,1
366,22,4.5,3,winter,1
303,196,5.0,10,spring,1
106,186,2.4,5,summer,1
448,34,2.7,1,autumn,1
312,190,3.0,7,autumn,1
155,43,2.3,9,autumn,0
358,80,2.5,9,summer,1
89,137,2.8,6,spring,0
301,12,4.5,4,autumn,0
338,197,1.9,4,spring,0
293,9,2.9,7,summer,1
24,161,3.9,13,spring,1
47,194,2.0,9,summer,1
42,170,4.5,6,winter,1
89,119,1.9,4,summer,0
108,99,4.3,8,autumn,1
150,130,2.6,9,spring,0
298,5,4.4,7,autumn,1
51,42,1.2,3,summer,0
480,71,4.7,9,spring,1
354,46,1.3,12,spring,0
143,110,2.8,11,winter,1
0,28,4.0,11,winter,1
19,125,3.2,1,winter,1
457,15,3.7,5,autumn,1
432,154,2.6,3,winter,0
132,30,4.7,11,summer,0
463,29,3.5,10,summer,1
393,178,2.8,7,autumn,1
200,164,3.7,7,winter,1
373,84,1.5,10,summer,1
8,13,2.3,6,winter,1
307,128,2.3,13,summer,0
362,26,2.3,4,autumn,0
392,19,3.9,5,autumn,1
158,128,4.8,5,spring,1
251,170,3.8,3,spring,1
278,122,3.5,3,autumn,1
321,113,2.6,14,winter,0
292,42,2.0,5,autumn,0
2,162,2.1,10,winter,0
437,113,1.2,12,spring,1
147,127,1.9,14,summer,0
369,100,2.6,5,spring,1
318,64,4.2,13,winter,0
349,148,2.3,10,winter,1
193,141,5.0,4,summer,1
163,128,4.3,1,winter,1
491,9,2.8,1,spring,1
168,27,2.4,1,summer,1
223,154,2.9,2,winter,0
199,148,4.5,1,spring,0
367,153,3.8,3,autumn,1
126,112,3.1,7,winter,1
402,126,4.8,2,spring,0
472,17,2.5,5,summer,0
54,84,4.4,9,summer,1
469,114,2.8,12,summer,1
25,65,5.0,2,summer,1
278,156,2.7,4,spring,1
304,131,3.7,8,winter,1
97,159,1.9,3,spring,0
368,75,3.9,1,spring,0
373,112,4.3,1,autumn,1
77,168,4.2,9,winter,1
29,18,4.8,3,summer,0
443,150,3.8,2,summer,1
167,41,2.3,9,summer,1
26,129,4.6,6,autumn,0
251,62,2.2,3,summer,1
373,8,3.8,5,autumn,1
331,105,5.0,2,spring,1
448,71,3.6,6,spring,0
323,164,3.8,5,autumn,1
442,163,4.3,10,spring,1
448,74,3.9,7,winter,1
178,161,1.9,4,spring,1
433,174,2.7,12,winter,1
467,28,2.7,11,winter,1
142,134,3.9,3,autumn,1
337,163,2.4,9,spring,1
390,119,4.0,2,autumn,1
160,80,4.1,4,autumn,1
490,17,3.8,3,winter,0
1,63,3.6,10,winter,0
397,181,2.3,11,winter,1
379,127,4.5,7,summer,1
95,183,2.8,2,spring,1
154,29,4.8,14,winter,1
205,88,4.5,4,autumn,1
200,14,3.2,1,summer,1
94,152,2.2,12,summer,1
277,134,3.5,14,summer,1
268,83,2.8,2,winter,1
406,125,3.4,4,autumn,1
177,37,3.7,5,autumn,1
84,89,2.8,9,autumn,1
183,46,2.3,3,autumn,1
420,66,2.4,14,winter,1
317,173,3.9,1,autumn,0
183,139,2.7,5,winter,1
453,75,3.5,4,winter,1
362,189,2.7,14,summer,1
155,196,2.8,2,spring,1
300,176,4.0,4,summer,1
70,73,4.5,11,autumn,1
163,134,1.6,3,winter,0
448,122,3.0,9,winter,1
356,62,4.9,6,winter,1
178,161,1.3,7,autumn,0
23,143,2.2,10,autumn,0
475,31,3.8,14,spring,0
362,97,2.7,8,spring,1
20,169,3.3,3,spring,1
495,138,4.0,5,spring,1
6,44,2.9,6,summer,1
255,19,2.0,4,summer,1
402,64,2.4,9,spring,0
249,134,2.3,2,winter,0
119,117,3.2,4,winter,0
28,193,2.8,6,winter,0
473,16,4.0,6,summer,1
291,50,3.4,5,summer,1
441,178,4.8,3,winter,0
259,79,3.8,5,winter,1
13,10,3.2,10,winter,0
326,16,2.5,6,winter,1
385,71,3.3,11,autumn,1
39,76,4.0,11,summer,1
474,113,1.8,8,winter,0
52,199,5.0,3,summer,1
221,77,3.5,3,spring,1
169,77,4.1,10,spring,0
126,184,3.1,14,autumn,0
105,181,3.4,5,summer,0
399,26,4.1,7,autumn,1
491,179,3.4,6,autumn,1
174,128,2.1,14,winter,0
89,12,5.0,2,summer,1
388,168,4.4,1,summer,1
189,80,2.8,13,spring,1
136,123,3.8,1,winter,1
255,111,2.4,11,winter,1
375,173,2.0,14,spring,1
485,116,3.7,1,spring,0
385,179,2.6,3,autumn,0
208,101,2.0,3,autumn,1
447,109,4.1,10,spring,0
248,35,2.0,6,spring,1
111,195,3.3,9,autumn,1
361,145,3.8,9,spring,0
310,130,2.2,11,autumn,0
487,64,4.0,4,autumn,1
368,193,2.4,3,winter,0
443,152,2.0,6,spring,1
383,78,3.2,13,winter,0
128,122,2.1,7,summer,0
111,151,3.2,1,winter,1
148,191,4.8,8,autumn,1
34,198,2.1,8,summer,1
446,55,2.2,6,winter,1
395,115,3.1,8,summer,1
28,111,1.9,8,summer,0
125,160,4.5,13,winter,1
224,170,3.2,5,winter,1
325,89,4.4,12,summer,0
142,39,4.9,9,winter,1
27,129,3.8,10,winter,1
290,191,3.2,4,autumn,1
445,177,4.7,12,spring,1
322,30,5.0,13,spring,0
462,142,3.5,3,winter,1
417,184,3.5,5,spring,1
211,98,3.8,10,winter,1
228,60,2.0,1,autumn,1
389,94,3.8,7,winter,1
62,150,2.5,2,spring,1
247,129,1.9,8,summer,1
203,32,3.0,8,autumn,1
58,181,2.6,11,autumn,0
90,149,4.4,10,autumn,1
24,179,2.5,7,spring,1
287,119,2.5,8,spring,1
364,77,4.7,2,summer,1
186,170,5.0,2,summer,1
292,168,3.9,14,autumn,1
146,116,1.8,8,autumn,0
466,45,3.3,9,autumn,1
187,40,3.4,1,autumn,1
182,121,2.6,6,summer,0
108,142,4.5,9,autumn,1
328,141,4.6,2,summer,0
392,98,2.5,14,summer,0
179,132,3.3,2,winter,1
348,47,4.6,5,spring,1
15,2,2.3,11,winter,1
94,107,2.4,12,spring,1
158,121,3.6,1,spring,1
257,0,2.3,7,spring,1
48,58,2.3,5,summer,0
464,51,3.3,11,spring,0
57,56,4.8,4,winter,1
41,136,2.9,6,spring,0
73,175,2.0,9,spring,1
264,67,2.0,9,spring,1
271,71,4.4,12,winter,0
439,132,2.7,13,spring,0
9,5,2.2,1,winter,1
466,199,4.1,3,spring,1
273,87,4.6,7,autumn,1
306,197,2.8,5,spring,1
398,0,4.2,7,summer,1
289,29,3.3,1,spring,0
258,169,4.4,6,summer,1
13,66,4.2,10,winter,0
333,73,3.0,9,autumn,1
75,108,2.1,8,summer,1
363,51,5.0,8,summer,1
259,195,2.0,9,autumn,1
128,148,3.0,7,summer,0
387,69,1.3,12,summer,1
258,18,3.4,5,autumn,1
186,8,4.5,10,summer,1
79,115,2.7,7,summer,1
201,192,2.4,13,winter,0
14,72,3.6,1,winter,0
333,130,3.3,4,winter,0
434,124,4.3,8,winter,1
55,194,2.3,14,autumn,0
261,130,2.1,12,spring,1
228,7,1.6,10,autumn,1
12,94,1.9,6,winter,0
205,152,3.7,13,winter,1
318,42,4.7,10,spring,1
330,188,2.4,4,autumn,1
155,13,5.0,5,autumn,1
364,152,2.5,5,autumn,1
89,170,4.5,12,spring,1
430,46,5.0,14,autumn,1
193,186,1.5,7,autumn,1
267,29,3.1,12,autumn,0
98,147,4.8,8,summer,1
413,19,1.8,12,winter,1
95,35,2.2,8,summer,1
96,63,3.9,7,winter,1
17,19,3.0,11,autumn,1
471,20,3.2,4,autumn,1
140,78,4.2,13,spring,1
255,20,2.6,12,autumn,1
152,31,3.7,4,summer,1
44,147,3.2,7,winter,1
253,109,4.4,1,spring,0
218,84,3.6,6,spring,1
166,166,4.4,3,spring,0
397,46,3.0,13,autumn,0
17,39,3.2,8,autumn,1
447,107,2.6,12,winter,1
264,162,1.5,10,winter,0
359,1,2.5,7,autumn,0
321,122,3.2,2,summer,1
249,144,4.3,1,summer,0
276,198,4.8,9,spring,1
147,127,3.0,8,autumn,1
406,63,3.5,2,winter,1
436,91,3.7,3,autumn,0
339,170,3.8,10,winter,1
391,44,3.0,4,spring,1
156,152,1.7,13,summer,0
4,181,1.9,1,spring,0
263,32,2.3,3,winter,0
171,131,2.6,4,spring,1
217,127,4.1,8,summer,0
168,107,2.9,11,winter,0
462,44,2.9,8,winter,0
419,88,3.9,10,winter,1
310,36,3.3,5,winter,1
275,142,2.4,13,spring,1
26,19,2.6,6,autumn,1
360,9,2.7,4,winter,1
240,49,1.6,13,summer,0
474,50,1.3,9,spring,1
337,191,3.6,5,summer,1
455,142,2.1,12,spring,1
32,35,4.5,5,spring,1
65,167,5.0,11,spring,0
210,96,3.3,10,spring,1
467,21,3.0,5,winter,1
304,139,2.0,3,autumn,0
324,24,3.2,11,spring,1
72,158,4.2,3,autumn,1
374,44,1.7,5,autumn,1
430,75,2.3,1,summer,1
336,44,2.3,2,summer,1
124,150,2.1,10,winter,1
92,12,3.9,1,winter,0
293,164,4.8,10,spring,1
351,193,4.5,3,winter,0
92,155,1.9,13,spring,1
405,164,2.8,8,winter,0
30,153,2.2,2,summer,1
319,127,2.5,8,autumn,1
396,116,2.1,12,winter,0
399,167,3.7,14,autumn,1
84,15,3.8,8,spring,1
487,145,2.4,1,winter,1
463,77,3.8,1,autumn,1
60,100,2.4,7,autumn,0
140,56,1.9,10,winter,1
318,197,5.0,9,autumn,1
325,33,3.0,13,winter,1
12,55,2.5,3,spring,1
374,129,3.7,7,winter,1
355,25,4.9,11,summer,1
149,51,4.4,14,spring,1
414,109,1.8,9,spring,0
447,101,3.1,10,winter,1
194,157,4.3,11,summer,1
210,152,2.7,9,winter,1
326,33,4.6,6,winter,0
111,155,4.8,11,spring,0
479,34,2.8,12,summer,1
65,83,3.4,13,winter,1
184,14,4.9,14,summer,0
312,163,3.2,13,autumn,1
132,162,1.5,1,spring,1
31,139,4.1,6,autumn,0
268,19,3.4,8,winter,0
7,94,2.9,14,spring,0
72,61,1.8,1,spring,1
321,36,4.0,7,autumn,0
349,34,2.0,2,spring,1
345,102,3.4,9,autumn,1
169,69,2.1,12,winter,1
154,47,4.0,11,autumn,1
361,193,3.2,6,autumn,0
240,130,3.5,6,autumn,0
497,44,2.9,14,winter,1
433,128,4.5,4,autumn,1
322,59,2.3,9,summer,0
489,45,3.0,9,autumn,0
429,187,3.4,13,summer,1
300,47,3.6,13,summer,0
368,179,3.9,13,summer,1
51,125,3.8,10,summer,0
197,89,3.2,1,summer,1
213,29,3.7,11,spring,0
115,165,3.0,9,winter,1
91,158,4.0,10,summer,1
241,187,1.0,6,winter,1
184,179,5.0,10,autumn,1
234,82,3.8,10,summer,0
160,160,4.1,14,spring,1
249,58,2.1,14,summer,0
260,28,4.4,10,autumn,0
462,56,5.0,5,spring,1
16,58,2.8,5,winter,0
278,70,4.6,1,summer,1
413,165,3.2,13,winter,0
93,20,2.8,11,winter,1
318,178,4.1,13,spring,1
405,25,2.8,9,spring,0
168,109,3.2,4,autumn,1
60,70,4.0,7,winter,1
385,28,3.3,7,spring,0
296,55,2.4,13,summer,1
358,45,1.7,2,winter,1
488,52,4.9,3,summer,1
464,82,3.9,4,winter,1
366,11,4.5,7,spring,1
373,105,4.6,4,autumn,0
295,18,4.0,5,winter,1
112,96,2.1,1,winter,0
30,138,2.6,2,winter,0
282,192,1.3,5,autumn,0
220,130,3.4,2,winter,1
244,153,4.0,6,spring,1
150,199,3.6,8,winter,1
4,107,3.2,10,spring,1
341,182,4.3,12,autumn,0
280,71,3.0,9,spring,1
360,54,3.6,14,autumn,1
75,78,3.4,6,spring,1
333,126,2.6,3,summer,0
287,13,3.0,1,autumn,0
411,8,4.7,8,spring,1
33,111,2.2,8,winter,1
458,164,1.5,5,autumn,1
378,157,4.3,9,autumn,1
195,23,2.8,3,winter,1
477,21,3.6,13,summer,0
361,175,4.2,13,autumn,0
242,110,2.9,5,autumn,1
170,172,2.7,14,summer,0
397,122,3.3,10,spring,0
115,117,2.4,13,summer,1
216,169,2.5,10,winter,0
277,157,3.3,3,autumn,1
483,112,2.3,3,autumn,1
162,139,1.4,4,winter,1
314,65,4.9,2,autumn,0
385,10,2.1,4,winter,0
320,89,3.5,1,winter,0
54,35,2.7,13,spring,0
242,143,2.4,9,spring,1
215,59,4.4,1,autumn,0
382,14,5.0,3,summer,0
34,36,3.3,2,summer,1
12,162,3.1,5,summer,1
396,65,1.2,3,winter,1
121,182,3.1,5,spring,1
79,107,4.4,5,spring,0
269,140,4.2,2,summer,1
423,54,2.4,8,winter,1
69,126,5.0,7,winter,1
161,179,4.8,11,summer,1
151,74,3.7,11,spring,1
343,126,2.0,7,spring,0
144,57,2.7,4,winter,1
273,108,2.9,5,winter,1
259,108,5.0,11,autumn,0
45,23,4.3,1,autumn,0
471,130,3.4,8,winter,1
312,137,3.6,1,spring,1
435,192,2.4,14,spring,1
133,140,4.2,9,autumn,1
493,141,2.0,13,spring,1
302,45,2.0,14,spring,0
460,126,4.0,13,summer,1
150,153,3.6,8,spring,1
101,46,3.5,3,spring,1
63,42,4.2,2,spring,0
27,127,4.0,9,spring,1
113,75,2.3,12,summer,1
48,130,2.2,12,autumn,1
130,140,3.9,8,spring,1
130,169,3.6,9,winter,0
16,19,2.3,9,winter,1
26,16,3.4,5,winter,0
77,187,1.2,7,spring,0
24,11,2.3,11,winter,1
460,140,4.8,13,winter,1
367,142,2.5,8,summer,1
56,148,1.3,3,spring,1
30,18,3.6,13,winter,0
443,115,4.5,4,autumn,0
103,36,1.5,9,spring,0
368,42,2.5,12,summer,0
159,110,2.7,14,summer,1
411,181,3.2,11,summer,1
402,176,4.7,14,winter,1
224,179,4.6,2,autumn,1
349,179,2.3,14,autumn,1
163,186,3.9,14,winter,0
263,93,5.0,10,summer,1
302,55,3.8,4,spring,0
285,94,4.5,4,spring,1
375,22,5.0,5,summer,1
458,151,3.4,3,winter,1
353,122,3.2,14,autumn,1
110,198,3.1,11,spring,1
478,182,3.2,10,summer,1
134,88,3.1,11,winter,0
207,141,3.8,9,winter,0
480,92,1.7,5,winter,0
95,164,2.9,12,spring,1
268,80,4.6,14,winter,0
2,36,3.9,3,winter,1
232,48,4.3,8,summer,1
195,103,4.0,11,spring,0
313,145,2.4,4,winter,0
69,174,4.2,10,summer,1
407,178,5.0,6,summer,1
109,154,3.8,5,winter,0
42,28,3.3,7,autumn,1
377,81,1.2,7,summer,0
469,95,2.6,3,summer,0
417,66,4.2,12,winter,1
476,32,2.1,10,autumn,1
176,147,2.6,9,winter,1
349,117,2.6,2,winter,1
220,92,2.9,14,summer,1
102,41,3.8,13,winter,0
160,185,4.0,13,winter,1
21,126,2.8,8,summer,1
418,85,3.2,9,spring,0
440,14,3.7,10,spring,0
370,119,4.7,11,autumn,1
329,132,3.9,11,autumn,1
305,83,4.8,8,spring,1
498,75,4.3,11,winter,0
365,124,4.7,8,summer,1
156,63,4.1,5,winter,1
480,182,2.7,3,summer,1
220,184,4.0,9,winter,1
138,122,2.4,8,winter,1
274,5,2.8,10,summer,1
45,104,3.5,11,winter,1
165,55,3.1,6,spring,1
338,2,3.5,1,summer,0
214,5,4.2,4,spring,0
349,116,4.0,13,winter,1
429,92,4.8,12,autumn,1
438,19,2.8,1,winter,1
490,144,3.1,6,summer,1
76,96,4.7,8,autumn,1
322,152,2.6,13,spring,1
43,177,3.0,10,winter,1
394,69,2.6,3,winter,0
295,125,5.0,8,summer,1
9,100,2.9,7,spring,0
70,172,3.0,11,winter,1
381,65,4.5,9,summer,0
351,31,4.1,9,winter,1
89,179,5.0,7,summer,0
188,19,4.3,5,spring,0
105,85,3.2,2,autumn,1
161,180,4.7,12,winter,1
443,93,2.4,3,autumn,1
460,29,4.0,11,spring,1
305,59,2.6,11,summer,0
93,47,3.6,5,winter,0
317,46,4.1,2,autumn,0
219,143,2.4,2,summer,1
265,70,1.1,10,spring,0
338,31,3.3,12,autumn,0
321,150,2.3,8,spring,1
34,170,2.9,4,winter,1
361,104,1.9,12,winter,1
55,79,5.0,5,winter,1
87,124,2.8,1,spring,1
211,9,4.6,2,summer,1
292,169,2.4,2,autumn,1
84,144,3.7,9,spring,1
305,166,3.8,2,summer,1
199,66,2.9,1,spring,1
4,180,4.5,5,spring,1
59,104,1.8,7,winter,1
419,46,2.8,5,autumn,1
301,136,3.2,7,autumn,1
106,128,2.1,2,spring,0
151,46,2.1,7,summer,1
424,85,3.1,2,spring,1
279,145,3.0,2,winter,1
17,122,3.0,12,autumn,1
152,169,3.7,11,spring,0
52,168,4.7,8,winter,0
434,182,2.0,7,spring,0
262,124,3.5,4,autumn,1
393,48,2.3,7,spring,1
103,106,2.3,11,summer,1
411,95,2.2,9,winter,0
491,115,3.1,14,winter,1
190,95,3.9,5,autumn,1
298,92,2.4,11,autumn,0
342,43,1.6,5,summer,0
383,83,4.8,9,autumn,0
17,163,3.9,9,summer,1
131,185,3.2,14,spring,0
250,123,4.5,1,summer,1
274,128,3.5,10,autumn,1
375,120,2.0,8,spring,0
113,81,3.0,9,spring,1
363,77,4.6,5,spring,1
467,61,2.8,12,spring,1
265,169,2.9,5,autumn,1
224,71,4.1,12,summer,1
368,193,2.1,13,autumn,1
6,114,3.8,6,winter,1
383,160,3.0,6,winter,1
333,76,1.6,12,winter,1
432,161,4.4,13,summer,0
135,127,4.3,11,winter,0
435,183,3.5,13,spring,1
427,88,3.6,1,spring,0
294,128,1.2,9,autumn,1
359,111,3.0,3,summer,0
442,89,3.0,12,summer,1
260,23,1.6,1,spring,1
314,64,4.1,12,autumn,1
157,88,4.7,7,spring,0
185,45,3.9,3,autumn,0
346,134,3.6,8,spring,1
269,139,2.5,4,winter,1
82,155,4.6,4,autumn,1
172,2,1.8,14,winter,1
51,103,3.8,1,winter,1
186,176,3.7,12,autumn,0
44,75,3.9,7,summer,1
208,113,2.0,8,autumn,0
244,184,3.7,13,spring,0
13,71,3.0,4,summer,0
415,46,5.0,9,summer,1
323,69,2.1,13,winter,1
341,199,5.0,3,winter,1
244,62,1.7,11,winter,1
257,84,2.5,13,winter,1
27,0,4.7,3,winter,0
63,21,4.6,2,autumn,1
222,98,4.0,13,spring,1
297,152,3.0,1,winter,0
405,104,2.7,2,summer,0
120,124,4.7,11,winter,1
490,138,4.3,9,autumn,1
155,113,4.7,7,autumn,1
103,62,2.8,9,winter,1
349,159,4.6,9,winter,1
454,144,5.0,6,winter,1
425,68,2.5,9,spring,1
473,100,3.1,12,spring,0
167,27,5.0,8,winter,1
256,84,5.0,13,autumn,1
251,72,4.5,10,spring,0
197,132,3.5,11,spring,0
298,24,3.9,8,spring,1
176,113,3.9,10,winter,0
424,83,4.3,13,spring,1
388,48,3.9,8,winter,1
304,131,2.9,2,autumn,1
271,85,4.8,4,summer,0
264,32,2.1,2,winter,0
84,178,3.2,14,autumn,1
12,178,3.3,2,summer,1
380,157,1.5,2,spring,1
2,42,3.9,13,winter,0
251,60,3.8,14,summer,1
147,83,3.1,9,spring,1
458,144,1.6,14,autumn,0
309,195,4.4,5,spring,1
325,169,2.1,13,summer,1
191,192,3.9,7,autumn,0
200,80,4.5,11,spring,0
263,151,3.5,6,autumn,1
410,10,3.4,14,winter,0
425,81,4.2,4,spring,1
319,68,1.9,7,winter,1
84,190,2.4,14,summer,0
419,4,2.4,5,winter,1
148,133,4.7,8,autumn,0
250,131,4.3,5,summer,1
77,156,3.6,2,autumn,1
10,142,3.7,14,winter,0
381,197,4.0,5,summer,1
122,17,4.2,5,summer,1
474,6,5.0,3,winter,0
100,158,2.5,3,autumn,1
300,55,2.0,11,autumn,1
265,48,3.3,11,summer,1
457,175,2.5,3,winter,1
427,102,2.0,11,autumn,0
312,68,4.3,11,summer,1
188,147,4.5,6,autumn,1
450,130,3.7,14,summer,0
388,163,3.4,6,summer,1
436,24,4.4,13,autumn,1
162,137,2.4,9,spring,1
179,104,1.9,7,winter,1
208,9,3.3,1,winter,1
215,57,2.6,3,autumn,1
177,150,4.2,12,summer,0
98,31,3.4,10,winter,0
477,143,3.9,8,winter,1
152,99,3.1,5,autumn,0
454,143,1.7,3,winter,1
60,127,3.9,12,autumn,0
153,151,2.3,4,spring,0
114,63,4.5,12,summer,0
389,35,2.4,9,summer,0
261,77,3.9,6,summer,0
356,165,3.9,3,autumn,1
310,42,4.7,1,autumn,1
475,121,4.6,6,spring,1
450,28,3.8,2,winter,0
339,81,4.5,2,autumn,1
493,24,3.0,13,winter,1
209,53,2.8,13,summer,0
313,83,2.9,4,autumn,1
5,84,1.6,6,winter,0
354,72,2.3,8,winter,1
367,20,3.5,7,spring,1
62,106,4.3,1,winter,0
70,135,4.5,5,spring,1
154,184,4.2,11,spring,1
374,158,4.2,9,autumn,0
301,60,4.7,4,spring,1
63,181,2.1,2,summer,1
477,35,3.7,2,winter,1
485,127,4.4,14,spring,0
171,159,2.6,4,summer,1
337,195,4.8,6,summer,1
99,96,1.8,13,spring,0
371,148,3.9,6,autumn,0
130,109,3.9,6,summer,1
171,193,2.4,6,summer,1
39,54,3.1,10,autumn,1
197,175,4.5,4,spring,0
114,185,2.3,14,summer,1
378,49,4.4,5,autumn,1
477,103,3.6,7,summer,1
210,113,3.3,9,winter,1
110,144,2.4,8,autumn,0
348,139,2.4,4,spring,1
398,24,2.6,11,autumn,0
106,94,4.2,14,spring,1
380,139,3.4,10,spring,1
89,169,1.5,2,summer,1
79,75,3.7,13,summer,1
310,50,4.3,6,summer,1
164,53,3.0,3,autumn,1
298,87,3.6,4,winter,0
5,59,2.2,5,winter,1
480,73,3.8,3,spring,1
247,4,5.0,13,spring,0
267,198,2.4,12,winter,0
409,37,4.6,5,autumn,0
342,7,4.6,1,spring,0
114,136,2.7,11,autumn,1
366,1,3.2,11,autumn,1
200,87,4.0,7,winter,0
363,35,2.0,13,autumn,1
96,102,3.0,11,autumn,1
435,133,3.1,6,summer,1
142,97,4.0,3,autumn,1
359,72,1.7,3,spring,0
303,2,4.1,1,autumn,1
463,163,3.0,3,autumn,1
241,15,4.2,1,spring,0
474,84,2.2,6,winter,1
308,88,2.3,13,autumn,1
11,68,2.3,8,spring,0
75,134,4.5,1,summer,1
499,29,4.2,1,winter,0
433,14,4.0,10,spring,0
302,51,3.0,10,autumn,1
490,196,4.6,3,spring,1
31,81,5.0,9,winter,1
372,135,2.2,6,spring,1
115,1,4.1,12,spring,0
99,187,2.1,14,summer,1
482,189,2.7,10,winter,0
190,170,3.6,2,autumn,1
202,147,3.7,8,summer,1
263,68,2.6,4,spring,0
103,19,3.2,12,summer,1
160,44,2.9,1,spring,1
213,131,2.5,7,winter,0
124,110,4.9,7,autumn,1
278,151,2.1,5,summer,0
37,180,3.2,4,summer,0
271,172,1.3,13,spring,1
98,70,3.2,11,spring,0
312,55,2.9,11,summer,0
330,177,4.6,7,spring,0
333,197,2.5,11,spring,1
91,96,3.1,5,winter,0
127,199,1.9,6,spring,0
304,81,2.3,7,spring,1
279,8,5.0,4,spring,0
222,55,2.2,11,autumn,0
263,186,5.0,13,autumn,1
95,157,4.7,5,spring,0
293,181,2.8,5,winter,0
339,94,4.3,10,summer,1
159,47,2.4,2,summer,1
50,50,1.9,13,autumn,1
33,113,2.1,3,autumn,1
49,172,3.0,3,autumn,1
415,26,2.2,8,winter,0
466,110,3.8,14,winter,1
356,22,2.9,12,autumn,1
462,64,2.3,8,autumn,1
207,188,4.8,8,spring,0
369,82,2.9,12,spring,1
357,62,1.3,8,winter,1
82,29,3.8,9,autumn,0
454,181,2.3,5,winter,1
312,26,3.2,11,spring,1
351,36,2.5,3,summer,1
67,74,3.2,8,winter,0
63,27,5.0,8,summer,1
10,120,2.8,9,spring,1
278,176,3.8,6,winter,0
384,14,2.4,8,autumn,0
227,63,1.9,3,autumn,1
58,195,3.8,11,winter,1
184,174,2.7,7,winter,0
227,112,2.8,3,summer,1
130,9,4.2,14,winter,1
18,174,3.3,12,winter,0
426,182,1.9,8,summer,1
443,118,3.7,11,summer,1
357,120,3.2,14,spring,1
446,60,4.7,14,autumn,0
34,36,4.2,6,spring,1
488,77,3.8,14,summer,0
245,184,2.0,9,autumn,1
149,199,4.7,5,spring,1
468,87,4.5,8,autumn,1
411,22,2.6,2,autumn,1
258,80,3.3,10,autumn,1
477,160,3.3,7,spring,0
204,40,3.6,7,winter,0
271,75,3.4,13,spring,1
61,95,4.5,8,spring,0
408,141,2.6,12,winter,1
454,33,3.6,12,spring,0
426,73,2.4,6,summer,0
250,83,4.9,13,winter,1
440,52,2.2,12,autumn,1
4,138,3.1,1,winter,0
351,53,3.1,13,autumn,1
227,182,2.0,7,winter,0
385,135,2.6,12,spring,1
164,22,4.5,3,spring,0
441,42,3.6,2,summer,1
305,73,4.5,2,autumn,1
491,151,2.2,6,summer,0
443,93,3.1,4,autumn,0
441,157,3.7,9,spring,1
57,116,1.5,2,summer,1
185,72,1.9,3,spring,0
234,18,4.3,13,winter,0
472,125,4.0,1,autumn,1
490,122,4.8,13,winter,0
231,15,4.0,4,winter,1
22,116,4.5,13,spring,1
175,114,2.3,13,winter,0
492,1,1.8,2,spring,0
196,46,4.8,13,winter,1
17,99,2.6,9,summer,1
423,104,3.6,13,summer,0
73,153,5.0,11,autumn,1
357,57,3.9,14,autumn,1
264,77,4.4,4,spring,0
17,48,2.9,5,autumn,1
181,31,2.7,6,summer,1
81,182,2.9,8,spring,1
183,128,2.5,3,spring,1
383,66,3.6,10,winter,1
247,193,3.9,9,summer,0
42,199,4.0,13,winter,0
323,23,2.0,8,summer,0
408,2,1.8,2,winter,1
152,6,4.9,10,spring,1
321,75,5.0,4,summer,1
99,10,4.5,8,autumn,0
328,6,4.0,3,spring,1
94,33,5.0,6,autumn,0
441,63,4.0,10,autumn,0
488,198,4.2,5,summer,1
460,74,4.5,8,spring,1
372,52,2.3,7,spring,1
183,82,2.7,2,winter,0
261,74,4.5,3,winter,1
113,134,4.8,9,summer,0
56,142,1.9,5,spring,1
102,173,3.3,12,summer,1
422,68,4.1,3,autumn,1
111,87,2.0,3,summer,1
217,3,2.6,3,summer,1
449,97,2.7,14,summer,1
55,106,2.8,13,winter,0
191,80,4.1,3,summer,1
114,1,2.3,12,summer,0
378,49,4.5,4,autumn,1
341,46,2.1,12,spring,1
128,22,4.3,13,winter,0
261,122,3.5,10,autumn,1
208,92,1.9,9,winter,1
295,52,4.0,1,summer,0
280,4,3.6,11,summer,1
426,131,2.5,8,spring,1
370,18,3.0,1,spring,1
207,12,4.2,8,autumn,1
112,195,4.7,8,autumn,1
359,23,2.8,6,summer,1
163,143,4.5,10,winter,0
173,125,5.0,11,autumn,1
213,120,4.0,7,autumn,0
42,51,3.6,4,summer,1
269,194,4.7,9,summer,1
461,7,2.6,4,spring,0
452,101,2.3,14,autumn,1
299,7,3.5,5,winter,1
394,91,3.5,10,summer,1
302,183,4.0,13,winter,1
162,85,4.4,1,winter,0
284,140,3.5,14,spring,1
203,163,3.6,6,spring,1
380,182,2.4,6,autumn,1
497,118,4.3,13,autumn,0
239,8,3.2,7,spring,0
421,190,3.3,12,spring,1
364,28,3.1,7,autumn,0
46,95,2.6,12,summer,1
186,31,3.7,14,winter,0
486,90,4.5,8,autumn,1
396,101,2.7,1,autumn,1
43,73,2.5,14,winter,1
30,49,2.3,12,summer,1
237,196,2.4,12,summer,0
391,36,3.6,9,spring,1
318,131,4.6,4,summer,1
157,128,2.6,10,winter,1
445,50,4.3,5,winter,1
103,42,3.5,3,autumn,0
202,142,2.9,12,winter,1
258,182,2.6,10,autumn,1
124,70,2.6,1,spring,0
414,130,4.1,5,winter,1
311,179,3.6,9,autumn,1
327,60,4.4,5,spring,1
162,20,2.0,3,summer,1
236,89,3.3,8,summer,0
18,86,2.5,1,winter,1
213,133,2.2,12,summer,0
94,3,2.2,2,autumn,1
44,158,3.8,4,summer,0
53,33,4.5,11,summer,1
334,127,3.4,4,autumn,0
86,47,2.8,5,autumn,0
129,38,1.3,2,winter,1
85,6,4.2,12,summer,0
240,107,2.6,7,summer,0
454,174,4.3,10,spring,1
323,42,2.5,11,winter,1
433,137,2.4,8,autumn,1
171,97,2.1,6,winter,1
237,2,2.4,6,summer,0
102,33,4.2,5,summer,1
307,162,4.8,10,winter,1
395,171,2.7,12,autumn,1
123,132,3.9,9,summer,0
465,164,3.3,14,summer,1
336,69,2.7,12,spring,1
219,64,2.3,12,spring,0
52,152,2.7,5,autumn,0
258,115,3.7,4,summer,0
341,119,2.1,8,summer,0
135,136,4.5,5,autumn,1
235,173,3.1,9,spring,1
400,45,2.2,9,autumn,1
269,144,4.6,8,autumn,1
21,189,3.2,7,autumn,0
258,29,4.3,8,winter,0
121,118,3.9,6,autumn,1
170,90,2.1,8,spring,0
382,125,3.9,8,spring,1
191,12,3.7,5,summer,1
31,123,4.9,12,winter,0
415,132,4.4,13,winter,1
391,148,1.8,3,summer,0
149,102,2.3,8,winter,1
154,108,2.9,1,autumn,0
484,104,2.9,3,winter,1
138,78,4.7,6,spring,0
25,166,3.3,5,summer,0
449,121,2.5,6,winter,0
82,136,3.7,5,autumn,1
472,90,1.2,11,autumn,0
10,6,4.5,6,spring,0
354,174,4.1,1,spring,0
228,48,4.7,5,winter,0
314,150,2.0,14,spring,0
137,66,3.2,11,summer,1
114,143,1.2,9,winter,0
148,185,2.0,7,summer,1
111,44,2.9,9,winter,1
400,43,3.3,11,spring,0
102,153,4.2,9,winter,0
286,110,2.1,5,winter,0
179,152,3.1,3,summer,0
316,140,3.9,4,winter,1
335,56,3.1,9,winter,1
427,91,3.3,14,winter,1
482,78,2.6,13,summer,1
100,184,4.8,9,summer,1
64,121,1.8,5,winter,1
101,12,4.1,12,summer,0
113,36,2.1,8,winter,0
109,5,4.8,9,summer,1
212,120,4.0,10,winter,1
145,192,4.2,10,autumn,0
39,9,3.6,4,spring,1
332,153,2.0,4,summer,0
438,172,3.9,3,spring,0
446,112,1.9,3,winter,0
388,138,2.9,9,summer,1
282,0,1.7,12,autumn,1
436,160,2.5,5,winter,0
132,188,4.9,4,summer,0
378,32,3.2,4,spring,1
479,109,3.5,12,autumn,0
307,47,4.2,4,summer,1
427,174,3.1,4,summer,1
58,34,4.3,14,spring,1
427,132,1.9,14,summer,1
6,144,3.1,4,spring,1
263,129,2.7,6,spring,0
80,125,4.3,13,summer,1
49,74,4.3,11,winter,1
45,43,2.4,3,spring,1
64,8,2.4,14,autumn,1
266,26,3.4,12,spring,1
219,41,4.2,3,winter,0
427,133,3.9,10,winter,1
488,32,3.4,6,spring,1
130,7,3.7,4,summer,1
483,81,3.2,14,spring,1
486,87,3.8,10,autumn,1
481,88,2.0,3,winter,0
84,98,3.5,3,spring,1
124,34,3.9,2,winter,1
357,95,3.5,10,summer,0
447,24,2.6,8,winter,1
440,8,3.3,8,spring,1
487,116,2.0,9,winter,1
255,145,3.9,14,summer,1
190,192,4.6,2,winter,0
376,151,2.9,5,spring,0
380,141,3.1,11,winter,1
206,106,2.6,10,summer,0
122,35,4.6,8,spring,1
17,23,5.0,1,spring,1
485,153,3.8,13,winter,1
243,4,2.8,13,autumn,0
291,2,2.9,4,autumn,0
210,105,3.5,10,winter,1
333,54,2.2,11,spring,0
330,164,4.7,1,spring,1
196,192,4.3,9,summer,1
370,67,2.9,3,spring,1
268,55,2.5,14,winter,0
320,168,2.9,12,winter,1
342,101,3.0,10,summer,1
447,83,4.0,6,spring,1
406,5,3.5,13,summer,0
254,66,3.8,14,autumn,1
292,55,3.1,1,summer,1
150,188,5.0,9,autumn,0
259,29,3.9,13,spring,1
222,12,4.5,14,autumn,0
469,129,2.4,3,autumn,1
284,19,1.1,7,autumn,1
142,8,2.8,14,summer,0
1,92,1.6,6,winter,1
362,96,5.0,8,winter,1
89,42,1.5,4,summer,1
74,135,4.9,12,autumn,1
28,119,2.9,3,summer,1
264,21,1.9,3,summer,1
154,143,2.4,14,winter,1
374,130,3.7,5,autumn,0
483,53,4.5,6,winter,0
243,13,4.4,6,winter,0
325,22,2.8,4,spring,1
52,72,3.7,10,spring,1
159,21,2.4,10,winter,0
163,67,4.2,11,autumn,0
411,141,4.3,6,autumn,1
0,101,3.0,9,winter,1
436,184,2.9,10,autumn,0
83,22,3.8,10,winter,1
286,87,1.7,6,spring,1
237,122,3.4,7,autumn,0
300,94,3.6,11,summer,0
424,175,3.4,10,winter,1
238,142,2.4,12,winter,1
423,152,2.2,13,winter,1
202,116,4.5,1,spring,1
180,174,2.9,1,spring,0
15,28,2.7,5,winter,0
474,198,2.8,12,spring,0
60,20,3.2,7,autumn,1
287,67,1.7,11,autumn,0
253,149,4.1,4,summer,1
123,119,3.9,11,summer,0
35,174,3.2,2,summer,1
246,179,3.5,6,spring,1
90,21,2.3,11,spring,1
53,139,2.1,6,winter,1
439,94,3.6,5,autumn,0
490,42,3.6,11,spring,1
270,187,3.9,9,summer,0
27,101,2.2,14,autumn,0
251,36,4.4,12,spring,0
200,100,3.1,2,spring,1
348,126,4.7,5,spring,1
362,2,2.5,12,summer,0
446,7,4.8,6,summer,1
420,131,4.5,6,spring,0
91,136,3.4,6,spring,0
448,50,2.4,11,autumn,1
106,52,4.0,8,summer,1
363,150,2.5,8,winter,0
413,2,3.0,10,winter,1
121,99,3.6,13,autumn,1
462,14,2.8,6,summer,1
329,36,1.8,9,autumn,0
93,176,3.3,1,spring,1
451,104,3.0,10,autumn,1
40,79,1.0,11,autumn,1
170,80,2.4,9,spring,0
190,103,2.2,4,autumn,1
368,29,3.8,13,spring,1
83,115,2.9,1,summer,1
176,55,2.5,2,summer,1
105,156,3.4,2,summer,1
471,136,3.2,3,autumn,1
220,17,2.2,1,summer,0
416,42,1.9,6,spring,1
140,153,3.0,9,autumn,1
483,130,4.0,2,winter,1
36,173,4.6,3,winter,1
319,177,5.0,5,spring,1
143,85,3.8,9,summer,1
148,66,2.3,5,winter,1
116,13,4.2,13,spring,1
264,158,1.1,2,spring,0
11,170,2.6,3,spring,1
350,179,4.3,1,spring,1
455,106,3.0,10,winter,1
96,48,3.7,13,summer,0
255,36,4.0,12,autumn,1
21,98,2.1,5,autumn,1
69,151,1.2,12,winter,1
54,58,2.9,3,autumn,1
442,138,1.9,10,summer,1
291,57,2.2,6,winter,1
330,124,2.2,5,winter,1
167,186,3.8,4,winter,1
184,49,5.0,14,winter,0
192,157,3.7,3,winter,1
169,70,3.1,4,summer,1
86,183,3.7,7,autumn,0
232,172,3.6,6,summer,1
82,77,2.6,3,autumn,1
350,13,2.6,6,spring,1
472,160,4.3,5,winter,0
423,26,3.4,2,summer,1
157,67,1.9,14,winter,0
421,19,2.2,13,autumn,0
96,183,3.7,1,winter,1
262,199,3.8,8,spring,0
15,179,5.0,13,autumn,0
87,108,4.3,4,summer,1
31,59,3.3,9,winter,1
307,67,1.3,3,winter,0
446,72,4.0,14,spring,1
486,153,3.4,2,summer,1
101,47,3.8,10,autumn,0
393,57,2.3,8,winter,1
201,41,1.8,13,winter,1
335,127,2.2,3,autumn,1
270,50,3.3,8,spring,1
162,10,4.7,7,summer,0
133,125,4.3,5,spring,1
8,17,2.5,11,spring,1
429,118,2.6,13,autumn,1
159,88,1.9,10,spring,1
124,187,4.2,3,spring,1
66,115,3.3,6,spring,1
101,160,3.9,11,autumn,1
52,156,4.2,7,summer,0
451,52,3.9,9,spring,1
251,95,2.4,8,winter,1
425,19,4.0,2,winter,1
294,123,4.6,8,summer,1
145,13,2.8,2,spring,0
288,132,4.6,9,autumn,1
413,165,4.1,2,spring,1
427,6,3.1,9,summer,1
345,89,2.0,9,autumn,0
387,192,2.6,13,winter,1
81,167,3.6,4,summer,0
348,146,3.5,5,summer,1
464,190,4.0,3,summer,1
214,16,3.9,5,autumn,1
280,146,2.1,6,autumn,1
363,75,4.2,2,winter,1
35,30,3.5,4,spring,1
146,46,2.4,6,winter,0
359,176,4.5,12,winter,1
159,156,3.2,13,summer,0
85,7,3.1,13,winter,0
302,60,1.3,7,summer,1
200,163,2.9,8,autumn,0
385,101,2.6,5,autumn,1
474,175,2.3,11,autumn,1
117,77,3.7,10,winter,1
59,151,3.2,7,autumn,1
68,51,4.1,13,summer,1
1,34,2.7,2,summer,1
264,187,1.9,13,winter,1
387,58,2.0,5,winter,1
380,165,2.7,3,summer,1
71,113,3.2,14,autumn,1
212,185,3.9,11,spring,1
18,79,3.8,10,spring,0
46,151,1.9,14,winter,0
46,144,4.0,3,autumn,1
389,82,4.6,11,spring,0
445,164,4.9,4,summer,1
272,1,2.5,2,autumn,1
263,109,3.2,2,winter,1
229,81,2.7,5,autumn,0
355,24,1.9,14,summer,1
136,161,4.2,5,autumn,0
192,102,1.4,13,summer,1
25,52,4.5,5,summer,1
326,64,2.4,7,spring,0
227,116,3.7,9,spring,1
4,151,1.7,4,summer,0
146,147,3.2,2,spring,0
186,16,4.9,5,winter,1
436,64,2.9,12,autumn,1
394,161,4.2,5,autumn,0
319,122,5.0,4,winter,1
449,37,1.1,1,winter,1
459,1,3.9,4,winter,1
100,119,1.9,9,summer,0
403,30,3.9,11,winter,1
258,194,4.8,5,summer,1
72,119,5.0,6,winter,1
173,31,3.9,1,summer,1
274,195,3.3,4,summer,1
131,9,3.5,8,winter,0
442,174,3.5,7,winter,0
215,111,2.5,12,spring,1
256,73,3.4,8,autumn,1
148,166,3.3,2,summer,1
51,167,4.0,2,summer,1
213,19,2.4,3,summer,1
440,198,2.7,8,winter,1
191,134,4.4,5,summer,1
306,181,4.2,1,spring,0
83,55,5.0,2,spring,0
441,175,3.0,13,autumn,1
6,110,2.8,7,winter,1
19,135,4.9,1,summer,1
163,106,4.8,2,winter,0
60,8,3.6,6,spring,1
486,84,3.5,11,summer,1
148,91,3.3,14,spring,1
292,186,1.1,13,spring,1
94,135,2.6,2,summer,1
333,130,4.1,1,summer,1
420,56,4.6,7,autumn,1
366,166,4.2,2,autumn,1
143,45,3.3,4,winter,1
442,29,4.3,2,summer,1
230,183,3.7,9,summer,1
155,62,3.5,8,summer,1
331,68,2.7,11,winter,1
129,2,2.8,10,summer,1
106,119,2.1,5,spring,0
8,174,4.1,1,winter,0
155,113,3.6,10,spring,1
487,78,2.1,4,winter,1
445,189,3.8,13,autumn,1
10,182,3.4,5,autumn,1
442,186,2.2,5,autumn,1
194,191,4.2,13,winter,1
120,52,4.4,13,spring,1
67,98,1.7,6,autumn,1
106,69,1.7,4,autumn,0
138,171,2.7,14,summer,1
436,187,3.4,1,spring,0
190,165,2.1,5,spring,1
260,147,4.8,10,winter,1
194,177,2.3,5,autumn,1
237,20,3.0,11,autumn,1
66,54,3.3,5,spring,0
207,29,4.7,13,winter,1
322,22,4.4,6,autumn,1
391,164,2.3,2,winter,1
416,54,3.8,5,winter,0
443,154,3.0,1,summer,0
470,48,2.5,14,winter,1
234,191,3.6,2,winter,1
445,3,5.0,1,autumn,0
409,174,2.9,9,autumn,1
113,177,2.4,7,spring,1
185,98,3.1,6,summer,1
140,158,4.4,8,summer,0
51,10,5.0,12,autumn,1
18,3,3.2,9,spring,0
50,9,2.2,9,autumn,0
308,41,4.6,1,winter,1
477,50,4.3,3,winter,1
232,80,3.9,8,winter,1
123,52,3.6,3,autumn,0
66,105,3.2,5,winter,1
444,148,1.1,12,winter,1
447,194,3.9,12,winter,0
434,153,4.6,6,summer,0
462,48,4.4,7,spring,1
182,140,2.2,5,spring,1
3,173,2.0,12,summer,1
449,70,4.1,5,spring,0
51,61,4.0,3,summer,1
127,114,4.4,11,spring,1
357,194,3.4,7,winter,1
336,136,4.5,1,winter,1
169,75,4.0,3,winter,1
79,27,4.3,3,winter,1
128,13,3.1,8,winter,1
115,80,4.2,7,spring,0
29,10,2.8,3,spring,0
17,7,3.8,8,winter,0
196,173,4.4,10,spring,1
250,170,4.2,3,winter,0
175,148,1.0,14,summer,0
472,130,4.1,6,spring,0
15,159,3.2,3,summer,1
348,77,3.8,12,autumn,0
248,18,3.1,3,summer,1
125,156,4.8,3,spring,0
343,181,4.7,6,summer,1
34,113,3.0,2,winter,1
122,107,3.9,10,summer,1
293,179,3.0,10,autumn,1
402,134,2.3,10,winter,1
483,130,3.8,8,autumn,1
376,104,1.4,6,spring,1
155,74,1.7,1,spring,1
133,149,3.0,10,autumn,1
280,96,2.6,14,autumn,0
324,118,4.8,5,spring,1
273,61,4.4,9,summer,1
402,48,4.6,3,spring,0
235,116,1.4,4,winter,1
372,142,2.9,3,summer,1
252,174,4.2,2,winter,1
82,167,3.5,5,autumn,0
115,184,2.9,2,winter,0
371,112,3.5,14,summer,1
327,18,2.4,14,winter,0
413,66,3.7,9,summer,1
77,47,3.4,12,spring,1
322,151,1.6,2,spring,1
152,16,2.4,7,winter,1
192,177,2.3,3,autumn,0
402,73,3.9,2,summer,1
449,102,4.3,11,summer,1
290,165,4.0,9,winter,0
272,172,2.9,13,autumn,1
273,82,2.8,3,autumn,0
380,122,2.3,2,spring,0
209,34,4.2,7,winter,1
143,58,2.1,11,winter,1
28,153,4.8,2,winter,1
49,0,2.4,6,winter,0
276,193,3.6,14,spring,1
298,113,3.5,13,spring,1
465,86,1.8,1,summer,1
124,152,4.4,6,autumn,0
183,109,4.0,6,summer,1
315,107,3.3,11,autumn,1
198,30,3.1,7,spring,1
149,154,4.1,2,spring,0
27,185,4.0,11,summer,1
182,187,2.4,13,winter,0
168,127,4.7,2,winter,1
497,55,2.7,3,spring,1
110,106,4.8,3,winter,1
255,131,2.8,6,spring,1
113,166,1.7,8,summer,0
61,170,2.8,8,winter,0
36,5,1.5,12,winter,0
74,175,3.6,9,autumn,1
218,162,4.0,3,spring,0
258,64,2.5,11,spring,0
215,26,3.0,9,spring,0
471,189,3.7,10,spring,0
46,54,3.9,7,winter,0
43,49,2.7,5,autumn,0
12,90,2.6,11,spring,0
195,199,4.8,11,winter,1
375,51,4.6,2,autumn,1
335,150,2.3,9,winter,1
11,176,5.0,10,spring,0
482,137,4.1,11,winter,0
367,134,3.6,4,spring,0
365,68,3.4,1,summer,1
42,146,2.9,6,spring,0
362,98,5.0,9,spring,0
98,157,3.1,9,winter,0
193,136,2.3,1,spring,0
331,60,2.7,9,winter,1
100,23,2.1,8,summer,1
418,6,2.3,4,summer,1
247,39,2.1,5,winter,1
311,16,4.4,9,spring,0
295,181,2.7,8,summer,1
465,195,5.0,7,spring,0
189,6,4.3,3,spring,1
469,32,3.2,4,summer,1
365,65,1.7,4,winter,0
196,34,2.7,11,autumn,1
8,172,4.1,12,summer,1
243,105,3.1,13,summer,0
371,28,4.0,8,spring,1
48,131,4.1,12,autumn,1
223,118,3.6,9,summer,1
56,22,4.8,10,summer,1
108,3,4.2,12,autumn,0
371,23,1.9,4,summer,1
346,199,4.2,13,winter,0
405,10,3.9,11,winter,1
77,57,4.6,13,winter,0
222,75,3.9,11,summer,1
89,196,2.7,2,autumn,1
332,151,4.0,10,spring,1
36,94,3.0,1,spring,1
120,196,3.5,3,autumn,1
436,43,2.6,2,spring,0
181,161,1.6,1,summer,1
364,25,2.1,9,winter,1
322,125,4.4,12,winter,1
423,171,3.5,8,spring,1
428,173,4.5,10,summer,1
195,7,1.6,2,summer,1
438,31,2.2,4,summer,1
216,52,4.5,1,autumn,0
398,99,1.0,5,summer,1
390,15,3.8,10,winter,1
266,172,3.9,5,autumn,1
60,103,3.7,5,winter,0
296,138,2.9,2,autumn,0
241,32,2.1,8,autumn,0
472,27,3.6,10,autumn,1
90,154,2.5,9,autumn,1
195,92,1.7,7,autumn,1
32,117,3.1,1,spring,0
387,87,4.7,7,winter,0
244,90,2.0,10,spring,1
395,42,3.7,8,autumn,0
386,85,3.0,3,autumn,1
103,170,3.1,6,spring,1
12,193,1.7,8,winter,0
4,45,2.4,5,spring,0
452,187,1.2,14,winter,0
40,47,4.4,3,spring,1
290,164,3.1,5,winter,1
40,9,2.0,6,autumn,1
92,117,4.2,3,autumn,1
45,187,3.3,6,spring,1
422,130,3.7,11,spring,1
89,61,4.5,8,summer,0
233,99,3.3,9,autumn,1
6,100,3.3,4,autumn,1
279,147,5.0,5,autumn,0
97,111,3.1,10,winter,1
247,155,3.0,5,spring,0
76,113,5.0,14,spring,1
191,143,2.3,2,autumn,1
366,30,4.0,14,autumn,1
14,7,4.4,2,winter,0
88,172,3.0,10,winter,1
444,27,3.2,11,summer,1
437,57,5.0,1,summer,1
148,142,4.8,4,autumn,0
60,4,2.7,8,autumn,1
22,143,2.4,6,winter,1
277,73,2.6,11,autumn,1
95,82,2.9,1,spring,1
55,183,3.1,14,autumn,1
95,57,3.6,10,winter,1
10,118,2.2,7,autumn,1
167,31,2.7,7,winter,1
80,33,4.0,10,spring,1
202,177,2.5,7,summer,1
258,148,2.1,10,winter,1
435,76,4.6,5,spring,1
491,193,2.2,6,winter,1
389,119,3.7,4,spring,1
323,63,4.3,14,autumn,1
37,38,2.2,4,summer,0
375,86,2.0,11,autumn,1
365,153,4.3,4,summer,0
36,102,3.9,7,spring,0
147,137,5.0,5,spring,0
142,143,3.0,11,autumn,1
276,93,5.0,7,winter,1
330,135,5.0,13,autumn,0
232,144,3.8,6,summer,1
265,85,4.2,7,winter,1
368,105,3.7,1,spring,1
201,133,3.2,6,winter,0
45,152,2.4,4,spring,0
313,44,3.7,8,spring,1
37,178,3.8,13,winter,1
158,105,3.3,10,summer,0
125,131,3.5,7,autumn,1
307,28,2.0,1,summer,1
280,31,5.0,8,autumn,0
247,129,2.2,10,autumn,1
417,32,3.2,12,autumn,0
217,109,4.4,4,spring,1
47,114,3.9,10,winter,1
116,78,3.6,7,spring,1
306,118,4.3,8,summer,0
393,87,2.8,8,summer,0
218,6,3.6,1,winter,1
476,181,2.2,12,summer,0
460,98,3.5,14,summer,0
25,195,3.8,5,spring,1
8,183,2.2,14,autumn,0
491,63,3.6,2,summer,1
399,35,2.2,11,summer,1
428,95,3.3,4,autumn,1
158,176,4.9,1,spring,1
26,71,2.9,14,summer,1
67,46,2.2,2,winter,1
495,152,2.9,12,winter,1
135,51,1.0,4,winter,0
57,114,2.4,2,winter,0
103,70,3.8,13,summer,1
182,141,2.7,4,autumn,1
257,149,1.8,12,summer,0
233,130,4.6,9,autumn,1
283,158,3.3,6,summer,0
69,4,3.3,11,summer,0
470,151,3.8,1,winter,1
116,137,3.1,14,spring,0
44,138,3.5,3,summer,1
460,46,3.2,6,winter,0
314,70,2.5,1,summer,1
355,46,3.0,7,summer,1
244,3,3.1,13,winter,1
396,106,2.1,5,winter,1
383,41,3.6,12,winter,1
238,52,4.0,9,spring,0
367,194,3.7,11,winter,1
333,147,2.2,13,spring,0
395,144,4.5,14,winter,1
211,70,4.2,8,spring,1
213,75,3.3,5,summer,1
108,50,3.8,9,summer,1
207,50,3.6,10,summer,1
228,158,1.0,13,autumn,1
42,100,3.5,12,spring,1
108,92,4.4,14,spring,0
444,58,3.4,6,summer,0
193,164,3.3,10,summer,1
426,174,3.2,1,winter,1
142,33,3.1,14,winter,1
206,159,2.9,11,spring,1
70,192,2.6,7,summer,1
476,110,3.2,2,autumn,0
67,45,2.9,6,spring,1
273,176,3.2,11,summer,1
288,84,4.5,7,winter,1
36,105,1.5,5,autumn,1
352,40,4.2,1,summer,0
83,27,4.0,4,autumn,0
279,37,2.7,8,summer,1
342,72,3.5,1,spring,1
104,130,4.1,7,summer,1
469,55,4.4,8,summer,0
225,88,4.0,2,winter,1
368,64,1.7,12,autumn,1
359,52,3.8,4,spring,0
71,97,2.8,8,spring,1
134,61,3.8,4,summer,0
485,133,2.1,8,spring,1
68,80,4.4,13,autumn,1
450,97,2.9,8,autumn,1
196,198,2.4,11,spring,1
31,81,5.0,9,autumn,0
301,193,2.5,10,autumn,1
145,6,4.9,7,autumn,1
112,129,1.1,1,autumn,0
420,36,5.0,12,autumn,0
41,109,4.8,6,summer,0
228,58,2.1,1,spring,1
187,65,4.8,3,spring,0
468,71,3.4,13,summer,0
267,134,3.8,12,winter,1
326,148,3.3,13,autumn,1
464,105,3.6,11,summer,1
67,74,3.7,13,spring,1
159,24,2.3,8,winter,1
251,112,3.7,6,summer,1
285,183,4.5,14,summer,0
148,143,5.0,9,summer,1
430,12,1.7,6,autumn,0
442,8,2.6,14,autumn,1
83,176,3.2,4,autumn,0
400,171,4.5,4,summer,0
406,79,2.3,11,autumn,0
159,43,3.6,4,spring,0
233,144,2.0,9,summer,1
67,129,2.1,9,summer,1
100,12,4.8,8,autumn,0
214,106,3.2,2,autumn,0
311,182,5.0,5,winter,1
17,49,4.3,7,autumn,1
296,22,4.5,3,summer,0
468,155,2.9,14,spring,1
486,100,4.8,14,winter,1
297,196,3.1,7,summer,1
55,181,4.8,2,summer,1
434,111,3.5,7,summer,1
345,159,4.6,14,summer,1
383,68,4.3,8,spring,1
303,62,4.3,11,spring,1
21,43,3.2,1,spring,0
144,9,2.2,1,autumn,1
228,198,2.8,9,autumn,1
498,7,2.4,14,winter,1
474,32,2.4,14,spring,0
184,16,2.6,4,winter,1
171,15,4.7,13,spring,1
58,71,4.9,2,summer,0
19,81,4.4,3,autumn,1
425,22,2.9,2,winter,0
333,176,1.9,9,winter,0
324,73,2.8,6,winter,0
30,63,1.7,8,spring,1
30,74,2.6,4,winter,1
497,148,3.2,13,winter,1
33,158,2.2,12,summer,1
499,113,2.8,12,autumn,0
36,139,3.2,14,summer,1
356,129,1.6,5,autumn,1
65,113,3.2,4,winter,1
436,168,3.0,5,autumn,1
255,51,4.2,13,winter,0
479,98,4.6,7,winter,0
238,113,1.2,14,summer,1
177,32,3.1,14,winter,1
71,1,4.1,3,summer,1
18,134,4.2,14,summer,1
183,101,2.6,6,summer,1
340,184,4.3,12,autumn,1
394,56,3.7,8,winter,1
113,86,3.3,10,autumn,0
454,85,3.6,9,winter,0
63,149,2.6,4,autumn,1
115,174,4.4,8,spring,1
360,187,5.0,2,summer,1
427,168,3.6,13,autumn,1
309,171,2.2,12,winter,0
467,141,2.9,6,spring,0
201,161,1.7,4,winter,0
426,22,2.2,12,summer,0
217,184,3.5,9,winter,1
120,77,4.2,12,summer,1
282,182,5.0,10,summer,1
374,66,4.7,7,spring,1
3,126,5.0,12,winter,1
21,158,2.6,14,autumn,1
392,76,3.4,6,spring,1
23,35,3.1,2,spring,0
267,170,1.9,8,autumn,0
332,5,1.4,3,summer,1
52,6,3.4,13,autumn,0
398,151,2.9,3,winter,1
87,167,2.9,11,winter,1
28,160,4.1,3,winter,1
313,152,4.9,9,autumn,1
286,165,3.1,9,autumn,0
130,192,3.3,11,spring,1
356,51,2.9,5,winter,0
178,132,2.3,13,autumn,1
136,135,2.1,9,spring,0
439,101,2.8,10,summer,0
310,41,1.6,9,summer,1
206,146,2.3,3,spring,1
171,9,3.4,1,summer,0
397,126,4.0,6,autumn,1
163,136,3.0,7,winter,0
379,83,2.1,13,autumn,1
140,45,3.9,8,summer,1
101,6,4.8,1,summer,1
350,142,3.1,12,autumn,0
323,147,2.1,6,spring,0
136,194,1.8,11,winter,1
243,177,2.3,4,spring,1
0,110,2.9,10,winter,0
245,148,2.8,6,spring,0
207,191,2.6,8,autumn,1
175,75,3.8,11,winter,1
334,130,4.0,14,winter,1
37,191,3.3,2,winter,1
272,135,2.0,7,autumn,1
275,96,2.6,9,spring,1
497,32,5.0,12,winter,0
460,187,1.9,14,winter,0
319,95,2.6,6,spring,1
419,110,3.3,11,winter,1
36,148,3.0,6,winter,0
179,179,3.7,8,autumn,1
304,63,3.3,3,summer,1
166,78,2.5,11,winter,1
492,2,3.7,8,summer,1
259,189,2.2,8,autumn,0
159,199,2.5,9,summer,1
262,70,4.6,9,autumn,1
219,120,3.2,10,winter,0
276,158,3.3,3,summer,1
424,5,4.1,1,spring,0
116,78,4.4,7,spring,0
397,32,3.4,13,autumn,0
63,20,2.8,10,autumn,1
309,27,2.4,6,summer,1
22,103,4.1,3,autumn,1
25,66,2.3,3,spring,1
194,128,1.0,9,autumn,1
20,186,1.5,2,autumn,1
93,60,2.0,6,autumn,1
71,36,4.1,7,autumn,1
424,92,1.5,10,spring,0
57,28,2.4,11,spring,1
450,170,3.0,7,winter,1
425,162,1.3,1,spring,1
323,15,4.3,3,summer,0
195,189,5.0,6,autumn,1
306,113,5.0,4,spring,1
143,50,2.2,10,winter,1
247,91,3.1,2,winter,1
464,157,3.4,14,summer,1
31,162,1.8,13,summer,1
61,28,2.4,5,winter,0
38,143,4.3,5,autumn,1
439,93,2.3,9,autumn,1
3,126,5.0,2,winter,1
116,15,3.7,12,winter,1
344,113,1.5,9,autumn,1
155,98,4.3,5,spring,1
266,67,2.3,10,autumn,1
11,43,4.9,12,spring,1
450,164,3.4,13,summer,0
210,147,2.6,11,winter,0
484,194,2.6,11,spring,0
280,113,3.6,3,winter,0
164,37,3.3,14,summer,1
420,39,1.7,5,summer,0
76,107,2.8,1,spring,1
375,67,1.0,7,winter,1
108,7,3.2,6,spring,0
316,90,1.7,12,autumn,0
53,11,4.3,7,autumn,1
492,126,4.0,12,spring,1
249,37,4.6,5,autumn,0
273,163,3.2,8,winter,0
267,32,3.6,8,autumn,0
29,32,3.3,8,spring,1
473,197,3.2,9,winter,1
192,7,1.8,12,spring,1
169,93,2.5,14,spring,1
392,69,4.9,1,autumn,1
57,145,2.3,13,winter,0
250,199,3.5,14,summer,0
113,159,3.7,13,autumn,1
300,52,3.3,13,autumn,1
72,123,3.4,5,spring,1
379,130,4.1,1,autumn,0
438,153,2.2,9,spring,1
310,6,2.9,3,spring,1
155,51,2.3,13,winter,0
372,193,3.0,11,spring,1
137,172,3.2,14,spring,1
273,136,3.2,10,autumn,1
10,132,2.8,12,summer,1
319,157,3.2,10,spring,1
77,7,4.4,5,winter,0
171,90,2.6,13,summer,1
445,140,2.7,9,winter,0
94,109,4.3,14,summer,1
425,145,1.7,10,winter,1
382,189,3.9,7,winter,1
178,124,2.8,8,winter,1
456,16,3.8,1,spring,1
126,57,1.9,6,spring,0
360,171,3.7,1,autumn,0
407,12,4.0,1,spring,1
312,115,3.9,4,winter,1
28,129,2.6,6,winter,1
472,155,3.3,10,winter,1
189,81,5.0,6,winter,1
161,196,2.7,1,winter,1
456,21,2.6,4,summer,1
77,134,4.3,10,spring,0
51,23,2.1,7,winter,1
83,140,2.8,13,winter,1
440,148,2.1,1,autumn,0
94,131,2.7,10,spring,1
15,68,3.5,1,winter,0
194,92,1.9,4,summer,1
489,63,3.8,6,summer,1
391,62,1.7,9,summer,1
171,55,3.4,4,spring,1
327,41,4.0,5,summer,1
86,66,2.9,2,autumn,0
321,106,3.2,6,winter,0
60,55,2.5,13,autumn,1
484,11,2.3,4,autumn,1
447,53,3.4,11,summer,0
124,85,5.0,1,winter,1
268,8,3.2,2,spring,1
127,29,4.1,11,autumn,1
109,17,2.6,6,autumn,1
301,185,4.5,13,winter,1
111,36,2.6,1,spring,0
315,166,4.5,2,autumn,0
238,191,3.9,1,winter,1
78,0,3.4,12,summer,1
323,168,4.5,8,spring,1
252,87,3.7,7,winter,0
33,27,3.6,14,summer,1
48,150,2.1,12,autumn,0
63,36,3.0,10,autumn,1
249,27,3.5,5,autumn,1
433,32,4.5,6,autumn,1
6,113,3.6,5,winter,0
196,87,2.1,3,autumn,0
145,31,4.2,12,spring,1
279,0,2.3,5,spring,0
140,55,2.5,5,spring,1
332,80,3.4,13,autumn,1
223,179,4.3,12,winter,1
246,155,2.5,9,spring,0
410,46,2.0,8,autumn,1
199,97,3.6,12,summer,1
317,57,3.6,7,summer,0
393,120,4.3,7,winter,0
312,93,3.0,3,winter,1
233,21,3.2,9,spring,0
109,124,4.3,1,winter,1
249,170,3.9,4,winter,1
6,120,3.5,8,autumn,1
143,81,2.9,1,autumn,0
415,20,4.8,2,winter,1
276,198,4.9,1,summer,1
430,134,4.4,7,summer,1
286,134,4.3,10,autumn,1
209,138,5.0,9,winter,1
120,66,1.8,10,summer,0
198,121,3.6,13,summer,1
305,56,5.0,2,spring,0
238,169,1.5,8,winter,1
479,192,4.7,5,spring,1
254,116,3.8,14,autumn,1
61,10,2.4,5,spring,1
464,79,2.5,3,summer,0
450,24,3.2,11,autumn,0
425,116,1.8,10,winter,0
71,148,2.6,1,spring,1
224,9,3.0,3,summer,0
214,9,2.3,9,summer,1
197,151,2.7,9,winter,0
8,54,4.6,11,spring,0
45,19,3.4,7,autumn,1
157,141,4.8,10,spring,1
47,104,3.6,2,spring,1
132,182,3.0,11,spring,1
459,59,2.4,3,autumn,0
297,37,4.0,13,autumn,1
293,100,4.3,13,summer,1
31,179,3.0,1,autumn,1
486,91,3.8,4,summer,0
242,127,3.1,3,winter,1
109,185,2.0,1,autumn,0
152,183,2.7,10,summer,0
392,153,2.8,7,autumn,1
108,181,1.7,12,autumn,1
441,94,3.4,6,spring,1
57,24,3.8,9,winter,0
279,159,2.8,11,autumn,1
491,140,4.9,14,autumn,0
207,116,3.7,6,summer,1
314,42,4.3,13,summer,0
335,71,4.5,8,autumn,0
48,184,4.5,4,summer,0
195,135,3.0,2,winter,1
103,152,2.5,4,winter,0
321,131,3.3,13,winter,0
372,189,3.9,4,winter,0
101,56,3.4,4,winter,1
259,186,3.4,5,spring,1
460,141,4.4,1,summer,1
318,167,4.7,9,spring,1
77,179,4.5,3,spring,1
238,85,4.0,4,summer,0
42,40,2.3,2,autumn,1
6,165,2.1,1,summer,1
399,96,3.6,4,winter,1
182,178,2.7,1,summer,1
498,7,2.6,1,spring,0
203,196,2.6,10,spring,0
38,44,4.7,1,summer,1
6,104,1.9,3,autumn,1
305,6,4.5,10,summer,0
445,195,3.3,8,summer,1
166,175,2.2,10,autumn,0
205,158,2.4,1,winter,0
74,97,4.0,5,autumn,0
412,143,2.1,1,spring,1
76,51,2.3,11,summer,1
403,165,5.0,8,spring,0
385,101,1.4,12,spring,1
111,185,4.2,4,winter,1
77,163,3.5,11,summer,1
2,42,4.5,3,spring,1
346,32,3.2,1,winter,1
123,114,4.5,8,winter,1
2,32,2.5,1,winter,1
111,38,2.5,6,spring,0
74,132,2.5,2,summer,0
92,148,4.4,4,summer,1
487,87,3.6,1,spring,1
82,121,1.8,7,summer,1
463,74,4.3,3,winter,1
275,88,4.3,5,autumn,1
230,118,2.6,12,autumn,1
397,149,2.8,8,summer,0
400,126,2.5,6,winter,0
28,173,2.3,11,summer,0
413,160,3.3,8,spring,1
464,86,4.0,14,summer,1
120,190,5.0,3,autumn,1
460,53,2.6,3,winter,1
421,107,1.9,7,spring,1
214,94,3.4,12,winter,1
352,190,5.0,6,summer,1
255,138,2.5,2,winter,0
473,59,1.7,9,winter,0
333,94,3.6,7,autumn,0
11,170,3.4,9,winter,0
140,70,4.6,11,summer,1
340,12,4.4,6,summer,0
338,180,3.8,9,spring,0
54,38,2.9,8,summer,1
347,9,3.4,8,autumn,1
241,141,4.9,14,summer,1
101,16,2.2,2,spring,1
26,53,4.9,12,summer,1
12,13,3.4,12,autumn,1
152,150,2.5,8,spring,1
116,160,3.6,2,autumn,1
353,2,2.8,6,autumn,1
209,110,5.0,13,spring,1
281,139,2.3,1,winter,1
455,89,3.4,3,summer,1
221,159,2.7,14,winter,1
91,79,2.3,10,autumn,0
86,136,5.0,1,summer,1
374,8,2.5,4,spring,1
163,56,3.2,2,spring,1
492,42,1.6,3,summer,1
445,45,2.3,2,summer,0
52,25,4.1,4,summer,1
387,83,5.0,3,spring,0
403,149,1.5,5,autumn,0
337,50,1.3,13,winter,1
123,98,4.4,10,autumn,0
301,58,1.9,8,autumn,0
192,188,4.7,8,summer,1
61,11,1.7,3,autumn,1
302,42,4.9,4,spring,1
292,55,3.1,9,spring,0
320,12,5.0,11,summer,1
88,71,3.5,14,autumn,0
313,58,3.6,11,summer,1
117,109,3.9,12,winter,1
466,58,1.2,3,autumn,0
424,108,3.9,6,summer,1
175,28,3.0,7,summer,1
415,65,2.8,14,winter,1
142,84,4.2,2,spring,0
44,130,3.7,11,autumn,1
104,12,2.6,9,summer,0
455,126,4.6,5,summer,1
459,27,2.6,3,autumn,0
195,177,3.1,4,summer,1
181,65,4.8,6,autumn,1
203,22,4.1,2,winter,1
120,113,1.8,11,autumn,1
19,170,4.8,7,autumn,1
180,184,2.0,14,summer,1
245,102,4.5,10,winter,1
5,163,2.1,4,winter,0
326,79,3.5,13,autumn,0
14,37,2.8,13,summer,0
484,135,2.5,11,winter,0
33,67,2.1,1,spring,1
468,194,3.8,7,spring,0
264,79,1.7,8,spring,0
105,177,3.2,6,summer,0
490,17,4.0,14,spring,1
472,66,3.0,1,winter,1
3,188,4.4,12,summer,0
454,106,3.5,10,summer,1
67,182,5.0,7,autumn,0
496,178,3.5,2,spring,1
387,93,2.8,7,autumn,0
194,95,1.4,5,winter,0
422,95,2.3,4,winter,0
291,134,4.9,13,summer,0
124,127,1.1,12,spring,1
271,19,4.1,10,summer,1
132,172,2.3,4,winter,1
470,156,3.1,2,spring,0
112,152,3.0,14,autumn,1
322,47,5.0,9,spring,1
343,24,3.1,8,winter,1
8,106,2.5,9,summer,1
187,186,4.0,10,autumn,0
389,180,3.8,6,winter,0
165,54,4.4,9,spring,0
134,95,2.7,2,autumn,1
136,18,3.7,5,spring,1
378,178,2.9,3,autumn,0
417,21,1.3,11,winter,0
1,36,4.6,8,winter,1
496,24,4.1,8,winter,1
101,60,3.6,2,summer,0
148,91,3.0,11,winter,1
204,18,4.8,13,spring,0
212,62,3.4,11,winter,0
8,190,2.7,6,summer,0
222,42,1.6,10,autumn,1
117,148,1.5,8,summer,1
325,92,4.7,14,winter,0
354,138,3.2,13,winter,0
162,132,1.9,2,spring,1
430,104,3.8,7,winter,0
397,111,4.0,8,autumn,1
276,93,5.0,8,summer,1
4,180,3.4,8,spring,0
133,155,1.8,12,summer,1
256,85,3.4,6,winter,0
391,192,3.9,1,winter,1
418,116,4.0,7,spring,1
161,127,2.5,3,summer,0
117,125,2.7,9,spring,0
24,15,2.5,2,spring,1
404,171,3.2,8,autumn,0
258,93,3.0,2,winter,1
23,177,3.5,3,summer,0
413,167,4.2,9,spring,0
64,119,3.4,14,spring,1
409,125,4.5,14,summer,0
135,77,2.1,9,autumn,1
288,43,1.8,8,winter,1
359,71,4.0,5,autumn,0
365,5,4.1,3,autumn,1
305,100,2.5,13,autumn,1
216,162,3.1,13,winter,0
203,41,4.6,3,winter,0
418,156,3.3,4,autumn,1
297,160,4.5,8,autumn,0
211,2,2.8,6,summer,0
138,190,2.9,3,autumn,1
344,104,2.4,1,spring,1
436,113,2.3,10,winter,1
251,120,3.7,2,autumn,1
195,160,4.9,7,summer,1
184,57,4.5,4,spring,1
321,148,1.0,9,summer,1
395,161,3.9,13,autumn,1
112,57,4.9,11,summer,0
352,100,4.4,1,summer,0
174,6,4.7,9,spring,1
94,114,4.1,14,summer,1
319,28,4.6,11,winter,1
430,19,2.4,13,spring,0
208,62,1.3,13,summer,0
363,30,4.4,13,summer,0
139,92,2.4,14,autumn,0
360,80,1.1,9,spring,1
367,56,3.8,6,winter,1
322,16,4.5,3,autumn,0
402,167,3.8,1,summer,1
233,129,3.9,11,summer,1
292,49,5.0,10,spring,1
42,106,3.0,1,spring,1
480,133,3.1,2,winter,0
225,8,3.8,1,spring,0
329,132,4.3,13,summer,1
268,96,4.8,7,winter,1
305,21,2.6,14,winter,0
483,190,3.3,8,spring,0
308,120,4.4,8,spring,0
483,33,2.8,2,spring,1
94,49,4.5,10,spring,1
160,11,2.8,2,summer,0
187,131,4.4,6,spring,1
452,8,3.4,3,summer,0
187,185,2.4,3,autumn,0
310,39,2.1,7,autumn,1
440,58,2.8,14,winter,0
272,144,4.9,8,summer,0
236,126,3.1,12,autumn,1
338,89,1.9,14,winter,1
435,164,2.7,6,summer,0
237,37,3.8,2,spring,1
22,117,2.0,14,winter,1
52,60,3.4,1,winter,1
42,25,3.2,11,autumn,1
85,23,3.8,10,autumn,1
404,141,3.4,1,autumn,1
4,101,2.6,7,autumn,0
399,57,4.6,9,spring,1
457,196,3.4,14,autumn,1
331,145,2.1,13,autumn,1
231,172,3.4,14,winter,0
158,197,5.0,10,spring,1
191,27,2.1,9,winter,1
38,176,3.2,6,spring,0
20,4,3.5,12,winter,1
410,128,4.1,1,winter,1
310,28,4.1,1,autumn,1
320,101,3.0,3,winter,1
63,55,4.5,3,winter,0
424,194,4.3,5,winter,1
195,177,2.6,3,spring,0
55,128,2.5,6,spring,1
361,199,4.4,13,summer,1
246,105,3.4,2,summer,1
321,7,2.1,2,winter,0
454,31,5.0,3,summer,0
280,101,3.1,2,autumn,1
184,113,2.6,3,spring,0
137,174,3.4,9,summer,0
167,35,4.3,8,summer,1
58,37,3.4,12,spring,1
269,192,3.5,6,spring,1
466,190,4.0,6,autumn,1
100,81,3.2,2,spring,0
425,21,4.3,3,winter,0
363,55,4.1,3,spring,1
317,98,3.8,7,winter,0
148,129,1.9,8,winter,0
32,89,4.8,12,spring,1
319,156,4.4,5,autumn,0
308,16,3.2,9,winter,0
9,69,3.8,14,winter,1
95,73,2.4,3,spring,0
253,29,4.4,10,autumn,1
268,141,2.9,7,spring,0
344,41,1.5,9,winter,0
296,55,2.8,14,spring,1
466,70,1.2,2,autumn,1
458,164,3.0,7,spring,1
157,110,2.7,3,autumn,0
213,53,2.8,5,spring,0
327,107,1.9,8,summer,0
477,100,5.0,5,spring,1
376,79,3.7,8,winter,0
329,120,5.0,1,winter,1
397,109,4.3,5,spring,1
408,122,2.2,2,winter,0
380,120,4.5,6,winter,1
109,52,4.4,14,spring,0
488,43,2.8,14,autumn,1
150,79,2.7,3,spring,1
248,47,3.5,7,winter,1
137,166,3.7,8,spring,1
21,82,4.2,4,summer,1
100,145,1.4,14,autumn,0
332,36,2.6,11,winter,1
31,5,1.9,2,autumn,0
339,149,2.2,12,winter,1
484,115,5.0,2,winter,1
476,109,4.1,5,summer,1
17,154,2.9,2,winter,0
308,94,3.4,10,autumn,1
377,138,2.4,10,summer,0
153,180,3.7,12,autumn,1
499,29,3.7,3,winter,1
468,117,2.4,10,summer,0
121,113,3.4,11,autumn,0
9,4,2.7,13,winter,0
342,151,2.8,10,winter,1
476,67,2.1,7,spring,1
65,140,3.7,8,winter,0
84,61,2.8,8,winter,1
311,88,3.8,10,spring,1
396,34,3.5,11,summer,1
312,24,3.4,11,spring,1
377,161,4.5,1,winter,1
177,20,2.8,6,autumn,1
156,99,2.5,3,winter,1
462,5,4.6,12,summer,1
476,21,1.4,7,spring,0
230,109,5.0,9,summer,1
222,177,3.3,12,summer,0
87,105,1.8,11,winter,1
111,94,3.0,10,autumn,1
13,136,3.3,9,spring,1
359,142,3.4,3,winter,0
191,71,2.7,1,summer,1
349,124,1.8,3,winter,0
340,33,4.9,9,autumn,0
420,120,1.6,12,summer,1
493,77,2.7,13,winter,1
145,111,2.2,11,spring,1
329,152,2.8,2,summer,1
440,76,4.9,2,spring,1
456,80,4.8,1,summer,1
24,150,5.0,12,spring,1
131,52,1.7,6,autumn,1
385,8,2.5,2,spring,0
411,85,4.7,10,autumn,1
151,189,3.5,4,autumn,1
449,195,2.5,13,spring,1
306,25,4.1,6,spring,0
429,95,2.2,8,autumn,0
320,146,3.1,14,summer,1
9,27,3.6,5,autumn,0
375,20,3.3,7,winter,1
22,46,4.0,2,winter,0
410,130,2.3,14,autumn,1
103,80,4.9,4,spring,1
392,162,2.0,4,summer,1
32,8,5.0,14,summer,1
293,34,4.3,9,summer,1
138,134,4.4,11,spring,1
71,46,3.0,7,winter,1
104,177,3.0,10,winter,1
249,47,5.0,11,winter,1
201,38,2.1,2,winter,0
18,163,2.5,4,summer,1
270,172,2.6,5,summer,0
338,109,3.5,14,spring,0
74,121,3.2,2,autumn,1
114,157,5.0,9,summer,0
49,113,2.1,5,winter,0
461,58,2.4,5,winter,0
298,116,2.1,7,winter,0
485,67,3.2,4,winter,0
455,132,5.0,1,autumn,1
432,33,4.2,2,spring,1
108,79,2.9,11,autumn,0
121,37,3.5,2,winter,1
149,19,1.9,2,autumn,1
244,28,2.6,3,autumn,1
288,120,4.5,3,spring,0
175,131,3.5,13,spring,1
385,13,4.0,3,winter,1
497,47,3.0,11,summer,0
144,155,2.3,12,summer,1
309,57,3.1,11,spring,1
393,87,2.2,5,winter,1
455,102,3.5,6,autumn,1
84,4,1.9,3,summer,1
499,35,2.4,1,winter,1
35,184,2.8,2,summer,1
351,79,2.6,7,spring,1
95,44,2.5,5,autumn,0
321,170,3.7,12,spring,1
288,85,2.9,7,summer,1
307,182,2.7,2,spring,1
9,126,1.8,9,autumn,0
139,152,2.7,12,spring,1
420,90,1.9,8,summer,1
92,70,1.9,8,autumn,1
107,73,4.6,12,winter,1
365,109,3.1,11,autumn,0
268,129,4.5,9,autumn,1
72,66,4.0,5,summer,1
269,125,4.3,3,winter,1
423,166,2.2,10,summer,1
93,125,3.1,8,autumn,0
474,98,2.4,1,winter,1
60,130,3.8,4,spring,0
445,40,4.1,11,winter,1
317,92,1.9,7,autumn,1
342,38,3.0,5,autumn,0
130,9,3.7,5,winter,1
426,161,4.2,14,spring,0
55,1,4.6,11,summer,1
69,196,2.8,2,summer,0
414,133,2.3,7,autumn,0
283,187,2.8,13,autumn,1
323,24,3.0,10,summer,1
493,28,2.7,4,summer,1
337,86,1.0,11,winter,1
413,75,3.8,8,spring,1
368,113,3.3,7,summer,0
476,181,2.5,7,summer,1
101,142,2.0,10,winter,1
287,160,4.3,13,winter,1
195,131,4.1,3,spring,1
257,172,2.2,9,winter,1
255,34,3.0,11,winter,1
461,8,3.9,14,winter,1
53,1,4.5,2,summer,0
441,21,3.4,8,spring,0
184,77,4.0,10,spring,1
335,113,2.8,1,winter,0
199,72,2.0,9,spring,1
80,148,2.0,13,autumn,1
193,178,4.1,5,spring,1
393,179,2.3,8,summer,1
104,124,3.9,4,winter,1
103,65,2.6,12,winter,1
227,141,1.9,10,spring,1
71,74,3.7,14,winter,1
220,71,5.0,12,winter,1
390,66,4.2,8,summer,0
344,65,2.4,1,spring,0
25,110,4.8,9,autumn,1
390,181,2.4,14,summer,1
64,198,2.7,10,winter,0
14,199,3.2,12,summer,1
283,184,4.7,4,autumn,0
147,134,1.1,8,summer,0
250,71,4.3,1,autumn,1
353,114,2.4,14,spring,1
481,98,3.7,10,autumn,1
266,154,3.5,9,summer,0
252,110,3.3,3,autumn,1
34,128,1.1,12,winter,1
210,186,2.1,12,spring,1
434,189,3.9,9,spring,0
19,151,3.7,8,winter,0
73,38,1.7,14,spring,0
23,158,4.2,8,summer,1
87,31,2.9,3,summer,1
20,186,2.8,3,summer,1
136,81,1.9,4,spring,1
476,134,1.8,6,summer,0
319,37,2.3,9,autumn,0
307,122,3.1,11,winter,0
377,4,2.6,10,autumn,1
107,148,1.6,4,winter,0
88,27,3.9,3,autumn,1
271,94,4.3,7,autumn,1
57,157,3.6,6,spring,1
192,169,2.6,1,spring,0
45,81,1.9,11,spring,0
72,73,2.6,14,spring,1
386,175,3.8,10,autumn,1
0,79,2.5,9,spring,0
255,93,2.8,5,winter,0
250,142,2.8,2,autumn,1
328,74,5.0,7,spring,0
455,52,3.2,6,autumn,1
318,12,2.8,11,summer,1
385,30,2.0,6,spring,1
136,179,1.8,2,spring,1
212,151,2.7,14,summer,1
302,129,2.2,9,winter,0
167,166,3.1,7,spring,1
413,131,3.9,14,autumn,0
169,120,3.3,8,autumn,1
138,88,2.5,10,autumn,1
163,158,2.0,11,autumn,1
90,169,3.0,8,spring,0
425,182,4.8,10,spring,1
9,147,3.3,7,winter,1
76,12,1.7,5,spring,0
253,188,4.0,10,spring,1
16,138,2.0,14,spring,1
221,62,2.4,14,winter,0
310,125,2.8,13,autumn,1
46,42,2.5,4,summer,1
369,151,3.2,3,summer,1
63,180,3.5,9,summer,0
310,41,1.6,9,autumn,0
144,186,3.6,8,autumn,1
406,192,2.1,6,winter,1
300,109,3.1,4,spring,0
472,188,3.9,10,winter,1
492,113,2.3,10,winter,1
27,36,4.4,5,spring,1
198,71,2.3,13,autumn,0
151,111,4.3,5,summer,1
301,98,4.3,7,winter,1
95,162,3.1,11,spring,0
95,151,1.7,11,autumn,1
394,148,1.8,3,autumn,1
359,59,2.1,4,winter,1
132,100,2.6,7,winter,0
293,6,2.7,1,summer,1
106,33,4.6,14,winter,1
17,26,3.1,5,winter,1
327,119,4.2,13,summer,1
339,48,3.3,5,summer,0
4,183,3.9,4,summer,0
164,90,2.5,10,summer,1
448,74,4.1,4,spring,0
119,163,3.3,13,summer,1
17,163,3.6,11,winter,1
361,175,2.7,12,winter,1
175,155,1.7,6,winter,1
127,199,2.1,13,autumn,1
431,69,2.3,4,autumn,0
183,108,2.7,9,winter,1
189,32,2.4,6,autumn,0
33,89,3.4,14,autumn,1
473,185,1.8,4,winter,1
196,2,2.6,9,winter,0
90,163,3.6,1,spring,1
178,109,3.6,12,winter,1
35,157,4.0,14,winter,0
79,194,2.6,13,autumn,1
138,89,2.8,7,winter,1
314,179,3.2,7,autumn,0
344,154,3.6,9,winter,1
280,59,3.1,10,summer,0
146,44,4.3,2,winter,0
67,28,4.2,14,winter,1
324,61,3.7,7,summer,0
116,76,3.7,2,spring,0
196,126,2.9,12,summer,1
316,82,4.5,2,autumn,0
137,147,2.5,14,spring,0
20,9,3.6,5,winter,1
425,78,2.2,12,winter,1
172,33,4.7,10,summer,1
26,35,2.6,9,spring,1
69,132,3.9,10,autumn,1
159,125,2.5,10,winter,1
25,177,4.6,4,autumn,1
354,163,2.4,7,autumn,1
471,142,3.7,13,spring,0
186,124,3.6,6,autumn,1
102,97,2.2,4,summer,1
438,192,3.6,8,winter,1
460,64,1.7,13,spring,1
24,15,2.2,13,spring,1
223,173,5.0,6,summer,1
59,115,3.0,12,autumn,1
116,44,3.2,7,autumn,1
220,169,3.1,2,summer,1
74,147,4.4,14,autumn,0
341,33,4.1,3,spring,1
9,60,5.0,12,autumn,1
291,86,3.6,13,spring,0
436,2,4.0,8,winter,1
496,125,4.6,9,winter,1
124,129,2.0,2,spring,1
250,58,2.1,9,summer,1
204,132,2.3,9,summer,1
386,135,2.5,4,summer,1
95,130,4.3,8,spring,1
145,181,2.8,8,autumn,1
174,191,3.8,5,spring,1
335,153,3.2,10,winter,0
239,109,2.3,14,autumn,1
202,142,3.5,6,winter,0
387,32,1.8,6,winter,1
129,183,3.7,6,autumn,1
226,86,2.0,4,spring,1
150,140,4.4,1,spring,0
249,81,2.8,9,summer,1
204,49,3.2,9,winter,1
372,156,2.3,5,autumn,1
256,36,1.3,2,summer,1
245,85,2.7,1,spring,0
74,131,5.0,1,autumn,0
386,5,2.0,4,summer,1
314,174,3.0,3,summer,0
290,170,3.6,7,autumn,1
297,186,3.0,1,summer,1
181,33,3.0,2,winter,1
359,82,3.4,5,spring,1
188,93,4.4,1,winter,0
424,169,4.0,11,spring,1
489,100,4.3,4,summer,0
22,80,4.0,1,spring,1
471,91,4.5,2,winter,0
98,5,3.7,6,spring,0
496,105,4.3,10,summer,0
62,149,3.0,4,winter,1
415,197,3.5,6,summer,1
251,183,4.7,14,autumn,1
431,54,3.4,1,summer,1
85,82,4.3,12,spring,0
227,90,3.2,11,winter,1
314,24,4.6,8,winter,1
330,77,2.9,13,winter,1
327,121,4.8,5,summer,1
144,107,4.5,11,autumn,1
309,130,4.3,13,winter,1
413,74,4.2,11,autumn,0
9,138,1.1,6,winter,0
323,86,1.6,5,spring,0
108,7,3.1,14,spring,1
17,94,2.3,10,autumn,0
323,36,4.4,5,spring,0
306,143,2.9,11,autumn,0
240,118,4.8,9,spring,1
274,108,4.0,10,winter,1
155,143,3.1,5,summer,0
399,166,4.6,14,winter,1
326,174,4.8,1,spring,0
415,153,2.3,10,autumn,0
78,104,3.0,10,summer,1
473,131,3.3,9,autumn,0
3,185,1.8,3,spring,1
324,105,4.3,10,winter,1
401,160,1.5,12,summer,0
130,120,4.0,1,winter,1
271,141,4.1,10,summer,1
373,166,5.0,13,summer,1
256,109,2.2,12,winter,1
193,188,5.0,8,summer,1
2,32,2.7,4,summer,0
7,2,2.4,1,summer,1
76,162,4.7,12,summer,1
309,23,4.0,11,summer,0
363,91,4.7,12,winter,0
220,59,2.9,1,winter,1
64,122,3.3,3,autumn,0
391,67,2.4,12,winter,1
433,116,4.3,12,autumn,1
44,26,3.5,10,winter,1
426,70,3.7,6,spring,1
321,169,2.1,13,autumn,1
278,135,2.8,7,autumn,1
471,168,4.2,5,summer,0
467,104,3.4,4,autumn,1
134,42,4.4,14,spring,0
402,158,2.4,9,spring,0
410,112,2.5,6,autumn,1
3,46,2.1,1,autumn,1
452,7,2.4,8,summer,1
326,124,3.2,8,autumn,0
355,60,4.4,7,summer,1
147,82,4.2,5,autumn,1
309,110,2.3,12,summer,1
398,66,3.9,7,autumn,1
390,154,3.2,9,winter,0
227,32,4.0,5,summer,0
127,36,2.1,6,winter,1
8,76,4.2,10,winter,0
330,36,2.6,8,autumn,1
205,195,3.5,4,summer,1
473,61,4.0,12,summer,1
13,124,3.8,9,summer,1
317,27,2.9,14,winter,1
145,17,2.7,3,summer,0
126,156,4.9,7,winter,0
353,112,4.3,4,autumn,1
222,74,4.8,6,summer,0
184,186,2.6,13,autumn,0
54,59,5.0,9,spring,1
130,0,3.5,2,winter,0
464,19,4.2,14,autumn,1
17,42,2.8,9,spring,1
294,83,4.5,4,autumn,1
71,178,3.5,14,autumn,0
237,9,3.6,8,spring,1
231,101,2.4,1,autumn,1
421,115,4.9,14,autumn,1
283,113,1.9,12,winter,1
222,182,2.3,6,summer,1
373,181,2.7,12,spring,1
73,166,4.7,9,spring,0
437,59,2.9,11,winter,0
425,72,2.5,9,winter,1
485,38,2.8,8,spring,1
135,20,4.7,14,autumn,0
57,132,2.3,6,winter,0
28,91,4.7,3,winter,1
401,116,3.9,3,summer,0
36,70,4.8,10,spring,1
86,56,2.4,8,spring,1
340,49,5.0,11,spring,0
184,147,3.3,2,winter,1
476,88,4.2,6,winter,1
406,103,4.8,11,spring,1
31,183,4.1,12,winter,0
429,81,4.6,6,winter,1
1,152,3.6,1,winter,1
130,109,4.2,8,spring,1
472,12,3.6,1,winter,0
423,79,4.5,8,autumn,0
288,100,2.1,5,summer,0
245,77,1.6,6,summer,0
404,194,1.9,14,spring,1
95,81,2.7,5,summer,1
453,65,5.0,4,winter,0
470,196,2.4,14,autumn,0
77,9,3.5,5,autumn,1
148,179,2.9,2,autumn,1
411,38,4.0,12,autumn,1
358,19,1.9,11,summer,1
397,164,3.1,1,summer,0
252,82,3.8,1,winter,0
494,175,2.6,1,spring,0
180,92,2.8,1,autumn,1
156,194,3.5,13,winter,0
27,43,3.2,8,autumn,1
317,171,2.0,11,summer,1
480,13,2.0,12,summer,0
100,55,3.2,13,summer,1
426,92,3.1,6,spring,1
86,178,2.8,12,summer,1
439,147,2.6,11,winter,1
360,122,4.7,3,winter,0
97,165,3.2,13,spring,0
249,154,3.8,7,summer,0
293,64,5.0,6,autumn,1
232,31,3.5,3,spring,1
432,131,1.4,2,spring,1
131,81,2.5,11,winter,1
491,137,2.8,3,summer,1
393,132,4.1,13,autumn,0
81,98,1.9,2,autumn,1
404,150,3.9,11,winter,1
163,9,2.3,3,autumn,0
106,51,4.5,5,spring,0
24,52,1.5,1,spring,1
405,154,4.0,5,autumn,1
236,76,4.8,3,spring,0
499,17,2.2,3,spring,1
386,4,2.9,11,summer,0
289,57,1.3,2,autumn,1
166,41,2.1,1,autumn,0
88,53,2.0,13,winter,1
44,110,3.7,10,spring,0
244,34,2.5,6,autumn,0
255,10,3.8,8,winter,1
439,146,3.8,2,winter,0
38,59,2.5,8,autumn,1
58,172,2.8,9,summer,1
404,81,1.7,2,spring,1
311,184,3.1,1,summer,1
372,125,3.9,8,winter,1
374,148,2.5,5,winter,0
65,172,4.5,6,summer,0
389,176,3.5,1,spring,1
400,33,2.9,6,summer,0
477,135,4.8,3,summer,1
326,40,1.0,8,winter,0
422,16,3.9,1,winter,1
135,18,2.8,11,spring,0
221,76,4.3,7,summer,1
195,156,2.8,10,autumn,1
400,53,3.7,7,summer,1
11,68,1.9,10,spring,1
35,36,2.5,10,autumn,0
198,178,2.5,4,autumn,1
348,102,3.8,4,spring,1
80,106,2.6,2,winter,1
94,113,3.0,12,winter,1
117,133,2.7,14,winter,0
376,190,3.9,3,summer,0
265,15,4.5,5,autumn,1
491,113,3.2,6,spring,1
373,95,1.8,11,summer,1
133,122,3.1,13,autumn,0
70,175,2.6,14,winter,1
184,197,2.2,11,winter,1
274,37,2.7,7,autumn,0
411,55,5.0,8,summer,0
427,149,1.3,10,autumn,0
181,114,1.6,5,summer,0
4,26,3.3,12,autumn,0
218,99,3.1,9,spring,1
263,25,2.0,3,autumn,1
53,40,2.7,8,spring,0
138,159,4.3,5,summer,0
327,114,4.7,14,summer,1
275,11,4.6,3,winter,0
150,17,1.9,10,summer,0
33,107,3.2,8,summer,1
298,30,4.1,14,summer,0
383,90,2.5,6,autumn,1
150,171,3.2,7,summer,1
400,174,2.5,4,winter,1
430,93,2.9,7,summer,1
42,117,2.5,14,winter,1
145,110,3.2,7,winter,0
292,14,1.8,7,summer,1
461,67,1.3,1,summer,1
18,155,3.2,11,spring,1
445,81,4.6,11,summer,0
227,125,2.1,13,autumn,0
432,163,2.5,13,winter,0
321,141,4.4,2,spring,1
494,191,5.0,10,autumn,1
60,123,3.8,13,autumn,1
327,175,3.6,12,spring,1
157,151,2.4,8,autumn,1
35,157,3.5,5,summer,0
252,98,3.8,7,winter,1
92,115,2.7,9,autumn,0
185,117,4.6,11,autumn,0
168,192,4.5,8,summer,0
234,23,2.1,12,summer,1
238,72,2.3,13,winter,0
477,4,4.7,2,winter,1
278,170,3.3,4,winter,1
18,36,3.9,6,spring,1
171,38,2.2,2,autumn,1
432,180,5.0,6,autumn,1
166,117,1.0,4,summer,1
437,103,4.7,8,summer,0
441,36,3.3,8,spring,0
392,171,4.6,14,winter,1
271,140,4.3,6,autumn,1
156,18,2.2,7,summer,0
193,189,4.7,4,spring,0
149,61,4.6,8,autumn,0
470,184,2.7,13,autumn,1
318,169,2.3,8,autumn,1
488,153,3.3,5,spring,1
261,11,4.2,1,spring,1
387,69,1.6,5,spring,1
332,100,2.3,3,spring,1
498,29,4.5,10,winter,0
72,151,2.3,8,summer,1
124,90,4.3,3,summer,1
49,142,3.4,2,summer,1
334,39,3.8,5,summer,0
110,13,3.4,3,summer,1
141,97,1.9,2,spring,0
359,3,3.2,6,summer,0
428,10,4.6,14,summer,1
336,116,5.0,2,summer,0
262,76,4.2,5,autumn,1
193,194,4.7,6,spring,1
419,185,4.5,13,winter,1
404,86,3.0,10,autumn,0
478,123,4.3,11,winter,0
370,129,3.3,11,autumn,0
65,46,2.8,6,winter,1
185,73,5.0,14,spring,1
166,160,5.0,12,autumn,0
495,106,2.8,12,winter,1
139,196,3.6,11,autumn,0
390,165,3.0,9,winter,1
67,132,1.8,14,autumn,1
157,101,2.6,11,winter,1
401,42,3.1,9,summer,1
294,49,4.4,3,winter,0
159,34,3.1,9,spring,1
188,129,2.6,4,spring,1
271,52,5.0,13,summer,1
482,70,2.4,14,autumn,0
340,118,3.8,14,winter,0
287,185,2.4,13,spring,0
17,90,1.8,8,summer,1
248,81,3.5,8,winter,1
27,47,4.7,2,autumn,1
199,4,5.0,3,winter,1
464,44,4.2,4,summer,1
450,137,1.8,2,spring,1
70,178,4.9,4,spring,1
481,155,3.9,8,spring,1
196,20,5.0,10,autumn,0
0,132,4.2,2,autumn,1
402,47,5.0,7,autumn,1
206,37,4.6,13,summer,1
96,4,3.8,8,summer,1
380,51,1.8,13,summer,0
363,4,3.5,12,spring,0
241,122,3.0,12,winter,1
74,46,1.9,2,spring,1
265,116,2.1,14,spring,1
323,45,2.5,5,spring,1
211,135,2.2,9,winter,1
444,96,4.3,12,summer,1
116,11,4.0,7,autumn,1
328,181,3.2,1,winter,1
474,112,4.3,11,summer,1
424,180,3.5,1,summer,0
37,145,3.9,13,winter,1
238,19,2.5,4,spring,1
471,105,3.4,11,spring,1
246,154,4.8,8,autumn,0
139,32,3.3,2,summer,0
241,122,2.7,13,winter,1
104,42,2.3,7,autumn,1
199,17,4.2,4,autumn,1
214,173,1.8,3,summer,1
490,195,3.2,7,spring,1
62,107,3.7,9,autumn,1
86,147,2.3,8,spring,1
145,160,4.0,12,spring,0
397,117,2.1,2,spring,1
175,36,4.5,1,summer,1
108,7,1.9,6,summer,1
332,25,3.7,5,spring,1
55,179,2.1,11,summer,1
462,8,3.8,11,winter,1
150,77,4.8,13,autumn,1
400,182,4.7,4,winter,0
29,82,4.5,14,autumn,1
78,21,3.4,3,winter,0
156,152,3.3,8,winter,0
301,53,2.1,8,winter,1
485,61,3.3,1,spring,1
495,159,1.7,3,winter,1
431,165,3.7,9,spring,1
133,159,2.5,8,winter,1
433,134,3.7,12,spring,0
141,134,4.1,12,autumn,0
243,54,1.9,7,summer,0
214,117,1.0,12,autumn,1
112,1,1.9,6,spring,0
99,32,2.1,14,spring,0
31,98,3.3,5,autumn,0
363,125,4.2,4,spring,0
321,184,4.7,3,spring,1
444,87,4.8,12,summer,1
25,144,2.8,12,spring,0
24,126,1.8,1,autumn,1
309,27,2.0,11,winter,1
420,161,2.6,11,summer,0
3,5,4.7,10,summer,1
378,150,3.7,4,winter,0
235,12,4.7,11,winter,0
230,100,2.2,6,winter,1
202,38,1.9,11,summer,1
316,17,2.0,4,autumn,1
24,15,2.3,5,summer,0
308,149,4.9,1,summer,0
222,52,2.1,10,spring,1
173,176,3.2,14,autumn,1
249,116,2.3,11,summer,0
91,193,1.7,2,autumn,1
119,162,3.4,4,winter,1
104,137,3.6,1,summer,1
139,175,4.6,13,winter,1
324,117,1.9,8,winter,0
421,77,3.0,9,summer,0
21,129,2.5,5,summer,0
136,17,2.4,9,summer,1
151,198,4.3,12,summer,1
122,74,2.3,8,spring,1
109,164,2.7,14,autumn,1
375,78,2.7,9,summer,1
372,178,2.4,8,spring,1
79,86,3.3,3,winter,1
345,143,2.1,12,spring,0
301,175,3.7,1,autumn,0
356,184,3.1,9,winter,0
29,143,4.8,14,summer,1
191,20,2.4,4,spring,1
80,58,2.4,9,autumn,0
484,171,2.7,5,summer,1
431,153,3.8,7,spring,1
155,193,3.2,4,autumn,1
34,65,2.1,8,winter,1
343,103,2.7,14,autumn,0
180,1,4.3,3,summer,0
231,13,4.1,11,winter,1
117,9,3.3,9,summer,0
140,43,1.6,4,summer,0
391,0,3.6,14,autumn,1
338,186,2.3,7,summer,0
366,53,4.4,7,summer,1
312,139,2.1,2,winter,0
85,59,3.0,7,spring,1
272,6,4.9,6,winter,0
171,86,2.1,10,autumn,1
88,124,5.0,2,summer,0
149,21,1.8,4,winter,1
430,76,2.0,1,autumn,1
167,188,3.3,12,spring,0
89,120,1.5,2,summer,1
310,101,4.2,13,winter,1
432,26,2.5,14,autumn,0
88,121,4.3,10,spring,1
354,168,5.0,5,winter,1
131,42,2.0,7,spring,1
369,17,2.6,4,spring,1
126,20,2.6,11,spring,1
391,95,3.5,12,spring,1
93,60,2.0,12,winter,0
383,167,4.5,6,spring,1
335,129,2.3,3,spring,1
216,146,3.9,6,autumn,0
83,37,3.1,10,autumn,1
110,172,2.5,4,winter,1
390,134,4.6,2,winter,1
138,160,2.2,1,spring,0
379,120,4.9,5,spring,1
490,70,1.9,13,spring,1
394,139,1.5,8,summer,1
204,170,4.6,14,winter,0
379,22,2.0,11,summer,1
121,114,4.0,12,summer,1
398,63,2.6,4,summer,1
132,65,1.9,1,summer,1
333,148,3.0,6,spring,1
86,153,1.4,8,winter,1
27,54,3.9,14,autumn,1
380,46,4.5,6,spring,1
96,11,3.8,12,winter,1
40,44,2.6,5,autumn,1
174,183,4.2,4,summer,0
216,10,2.8,5,spring,1
330,133,3.8,9,spring,0
327,173,2.9,11,spring,1
114,175,2.7,6,spring,1
328,110,2.5,3,summer,1
337,107,2.5,7,winter,0
298,199,4.9,5,summer,0
248,22,4.7,12,winter,1
397,19,2.6,6,winter,1
328,107,3.4,4,summer,1
362,3,1.6,1,winter,1
99,155,2.3,2,spring,0
187,11,3.4,5,spring,1
32,175,3.1,4,summer,1
7,188,2.1,8,spring,1
47,26,3.8,11,winter,1
169,68,2.5,5,summer,1
165,45,3.4,1,summer,1
359,87,4.3,11,summer,0
239,67,3.0,14,summer,1
334,139,1.8,10,autumn,1
130,192,4.3,12,spring,0
82,145,4.7,4,winter,1
391,123,3.0,8,autumn,1
258,7,3.2,10,spring,1
348,172,3.7,1,winter,1
38,10,2.3,8,spring,0
103,28,3.0,14,summer,0
136,124,2.2,3,autumn,0
441,102,2.5,2,winter,1
24,140,3.2,14,winter,0
485,4,2.5,5,winter,1
306,42,3.6,11,spring,1
244,31,4.3,13,summer,0
283,166,5.0,13,winter,1
296,112,3.8,11,spring,1
254,29,4.0,7,summer,1
452,103,4.5,2,spring,0
333,93,2.9,14,autumn,1
431,30,4.3,11,spring,1
160,142,2.0,14,autumn,0
8,104,2.7,2,summer,1
287,191,3.4,13,autumn,1
442,161,5.0,2,summer,0
228,9,3.2,10,winter,1
230,132,2.4,4,winter,1
355,41,4.1,8,spring,0
363,31,5.0,14,winter,0
139,199,3.6,1,spring,0
355,67,3.0,4,summer,0
176,147,2.7,1,spring,0
395,52,3.0,7,spring,1
415,149,4.5,9,summer,1
255,176,4.4,11,spring,0
151,77,3.0,8,winter,1
366,97,2.7,3,summer,1
478,139,2.3,11,summer,1
30,185,4.3,4,winter,0
403,104,4.6,3,summer,1
38,65,5.0,4,spring,0
110,86,5.0,12,autumn,1
405,63,4.3,5,summer,1
194,156,4.4,4,winter,0
10,117,1.4,7,summer,1
130,170,3.8,8,summer,0
39,140,2.9,8,autumn,1
167,57,2.4,3,summer,1
285,150,2.7,11,autumn,1
420,109,4.3,1,spring,0
197,136,3.8,4,autumn,1
124,29,2.8,4,winter,0
404,184,2.0,8,autumn,1
322,178,3.8,13,autumn,1
174,22,5.0,2,autumn,1
221,94,3.2,2,autumn,0
85,147,3.2,11,spring,1
112,146,3.4,9,summer,1
240,162,4.1,13,autumn,1
41,35,2.0,5,winter,1
359,126,4.7,2,summer,0
454,169,2.4,7,summer,1
480,170,4.0,10,summer,1
250,50,2.4,4,spring,1
115,49,3.5,12,spring,1
8,156,2.1,2,summer,1
491,108,3.5,1,autumn,1
62,38,4.1,8,autumn,1
313,109,3.8,6,autumn,0
339,8,4.1,7,spring,1
200,148,2.3,6,autumn,1
452,158,2.3,14,winter,1
412,77,5.0,12,winter,1
266,107,2.2,13,winter,1
114,78,2.3,4,summer,1
224,28,2.3,14,winter,1
238,186,1.7,13,spring,1
412,176,4.4,7,autumn,1
359,117,1.3,4,summer,0
349,88,2.5,8,spring,0
473,183,4.1,7,winter,1
440,42,2.9,7,winter,1
171,120,2.7,1,winter,0
58,121,2.5,5,autumn,1
478,82,3.6,8,summer,1
60,167,4.1,13,spring,1
419,22,4.6,7,summer,1
179,179,4.2,1,winter,0
125,123,2.7,9,summer,0
355,28,2.1,9,spring,0
95,163,3.3,11,winter,1
429,78,3.3,3,spring,1
442,83,3.2,13,autumn,1
174,186,1.6,3,autumn,1
179,139,3.0,5,spring,1
334,63,3.0,10,autumn,0
333,175,5.0,10,summer,0
47,127,4.8,9,spring,0
226,59,3.1,13,winter,0
350,43,3.7,11,summer,1
496,173,2.1,7,spring,1
171,29,4.3,4,autumn,0
420,157,4.7,1,winter,1
36,56,2.1,3,spring,0
313,119,1.9,14,spring,1
227,116,4.6,12,autumn,0
387,114,1.9,1,summer,1
245,134,3.6,7,summer,0
230,122,3.3,9,spring,1
348,175,3.1,1,spring,0
444,90,2.3,8,autumn,1
475,71,3.3,5,winter,0
214,159,1.8,10,winter,1
169,130,3.2,12,spring,1
443,140,2.3,10,winter,1
456,86,1.3,8,autumn,0
289,94,3.5,3,spring,1
178,20,2.0,3,spring,1
406,191,5.0,6,autumn,0
462,22,4.5,5,autumn,1
350,194,3.9,12,spring,1
108,136,2.3,7,winter,1
481,197,2.6,11,summer,1
447,182,3.3,7,winter,1
409,5,3.1,1,spring,1
425,77,2.9,9,autumn,1
455,85,2.6,13,winter,1
412,43,3.8,11,autumn,1
269,55,2.9,7,winter,0
351,39,3.1,7,summer,1
7,98,4.1,13,spring,0
304,42,2.8,7,autumn,1
481,83,2.7,11,autumn,0
349,122,2.9,3,summer,1
2,8,5.0,10,winter,1
319,55,5.0,12,spring,1
415,24,2.4,5,autumn,1
497,133,2.9,6,autumn,0
247,193,4.3,10,autumn,1
134,173,1.3,12,autumn,0
377,96,3.0,12,spring,0
443,96,5.0,10,winter,0
438,50,3.2,2,spring,1
475,198,1.8,12,spring,0
325,176,3.6,14,spring,1
324,14,4.6,3,winter,1
102,119,4.2,4,winter,0
464,43,2.6,7,winter,1
106,174,4.9,6,spring,1
455,7,3.1,12,autumn,1
152,23,5.0,11,autumn,0
305,73,3.5,6,winter,0
463,197,3.0,12,winter,1
277,107,2.3,8,autumn,0
236,94,2.5,1,summer,0
161,122,2.5,2,spring,0
253,12,2.8,14,autumn,1
138,61,2.7,12,autumn,0
458,87,2.4,2,summer,1
215,14,4.8,10,summer,1
54,56,2.1,5,autumn,1
473,136,2.0,3,spring,1
450,143,3.1,9,spring,0
191,20,2.5,10,autumn,1
359,45,2.4,2,summer,0
137,96,2.9,4,winter,0
21,21,4.0,5,autumn,1
89,198,2.4,3,autumn,0
469,92,4.5,9,spring,1
417,4,1.9,10,spring,1
371,60,2.5,2,spring,0
413,52,3.8,5,spring,0
35,39,2.7,10,summer,0
485,34,3.1,13,winter,1
248,29,2.0,8,winter,1
245,23,4.1,2,summer,1
117,78,2.7,11,spring,1
29,155,2.7,13,autumn,1
369,4,3.5,10,autumn,1
182,167,2.9,14,spring,1
184,167,2.4,3,winter,1
122,28,4.8,6,summer,0
317,100,3.4,12,summer,1
406,166,3.7,12,autumn,1
209,106,4.8,7,winter,0
439,163,3.6,9,spring,0
369,25,3.7,12,summer,0
134,5,2.7,1,summer,1
41,155,3.3,6,autumn,0
105,71,4.0,10,winter,1
181,175,3.2,10,summer,0
104,135,3.1,9,autumn,1
154,178,3.2,11,winter,1
435,49,5.0,4,autumn,1
151,189,3.6,4,winter,1
340,105,4.1,5,spring,1
138,16,3.2,3,winter,1
123,74,4.3,2,winter,0
67,65,4.6,11,winter,1
480,138,3.8,14,spring,1
229,188,4.5,2,spring,0
483,6,2.5,8,autumn,1
231,156,2.8,14,winter,0
35,194,4.1,8,autumn,1
308,21,3.5,13,summer,1
318,179,4.1,2,winter,1
371,83,2.6,1,autumn,0
445,137,4.9,4,winter,0
75,18,2.9,11,summer,1
348,33,3.9,10,autumn,0
283,152,4.1,10,summer,0
122,82,4.7,3,winter,1
97,169,2.3,8,summer,1
329,15,2.3,7,summer,0
148,17,4.6,9,autumn,0
72,58,2.8,14,summer,0
493,166,1.7,1,spring,1
475,177,3.6,5,spring,0
139,89,2.2,13,summer,1
352,34,4.4,11,spring,0
393,82,3.0,5,summer,1
358,72,2.6,9,autumn,1
385,150,4.5,9,spring,0
207,94,2.1,9,spring,0
220,116,3.9,7,autumn,1
325,148,5.0,13,winter,0
214,3,2.8,7,summer,1
205,74,3.8,1,winter,1
462,132,1.7,1,winter,0
159,30,1.7,13,summer,1
379,3,2.9,7,spring,1
470,155,4.0,2,winter,1
395,21,2.2,12,summer,0
450,124,2.8,4,spring,1
85,41,4.0,10,autumn,1
469,34,4.6,1,spring,0
237,129,3.7,6,summer,1
247,58,4.0,14,spring,1
120,185,2.3,9,spring,0
416,188,3.9,8,winter,1
62,118,1.8,13,spring,1
451,130,4.5,10,summer,1
327,5,3.7,14,spring,1
79,64,4.8,2,winter,0
336,70,4.4,3,winter,1
462,150,1.6,4,summer,1
345,20,5.0,10,autumn,1
1,108,3.1,1,winter,1
410,133,5.0,13,autumn,1
413,110,3.5,3,summer,0
478,116,2.5,2,winter,1
2,138,5.0,9,spring,1
477,1,1.9,14,winter,1
193,182,3.0,10,spring,0
93,113,2.3,10,autumn,1
83,26,4.8,13,spring,1
212,69,3.2,8,autumn,1
107,197,3.3,4,winter,1
352,145,2.2,5,winter,0
212,192,4.6,5,winter,0
385,94,3.6,3,autumn,1
412,99,3.5,11,summer,1
244,109,5.0,10,autumn,1
121,8,4.8,12,spring,1
149,135,2.9,2,autumn,1
53,111,3.3,3,winter,1
366,62,2.8,14,autumn,1
436,10,1.7,5,summer,1
423,181,4.6,1,summer,1
306,23,3.4,9,winter,1
90,91,5.0,3,autumn,0
305,148,2.6,13,spring,0
21,109,4.6,9,summer,1
12,166,4.2,8,spring,1
197,6,3.9,14,winter,1
170,186,2.2,14,spring,0
167,61,3.6,12,winter,1
419,71,2.0,4,spring,1
50,79,1.0,8,spring,0
75,49,4.6,4,winter,1
33,80,2.5,1,spring,0
363,102,2.5,9,autumn,1
190,58,2.8,8,summer,0
465,122,3.0,11,spring,1
414,188,1.0,10,spring,0
110,130,1.4,5,autumn,1
95,15,4.6,13,autumn,1
476,185,2.6,6,winter,1
325,130,2.0,3,summer,1
327,149,4.8,8,summer,1
336,152,2.8,12,summer,1
124,148,4.9,5,winter,0
134,97,4.5,2,summer,1
148,169,2.7,9,spring,0
162,164,2.4,1,winter,0
50,186,1.3,7,spring,1
401,19,2.5,6,spring,1
171,37,5.0,1,winter,0
484,161,4.2,13,summer,0
465,39,2.0,2,summer,0
316,38,2.0,11,spring,1
286,24,2.5,5,spring,1
178,113,3.0,6,winter,0
96,117,2.3,10,summer,1
105,194,3.8,4,summer,0
395,2,3.0,8,summer,1
407,100,4.8,11,summer,1
116,86,1.0,10,summer,0
273,169,3.3,11,winter,1
427,149,1.5,14,autumn,1
425,101,4.4,8,spring,1
352,65,4.6,9,summer,1
365,75,4.1,13,spring,1
47,66,4.1,14,spring,1
162,10,4.4,12,summer,1
320,59,3.1,11,autumn,0
272,117,2.2,10,summer,0
1,168,4.6,10,summer,0
464,181,2.1,11,spring,1
242,114,4.3,13,summer,1
218,189,4.1,14,spring,1
384,16,3.5,13,autumn,1
370,138,2.3,2,winter,0
2,1,2.3,2,autumn,1
67,196,5.0,11,winter,0
278,45,3.1,1,summer,1
62,96,3.6,6,summer,1
485,79,3.3,2,summer,1
373,183,3.6,10,autumn,0
448,168,3.5,6,winter,0
17,130,3.6,3,spring,0
373,66,2.4,10,spring,0
54,37,2.7,2,summer,1
391,152,2.8,7,spring,1
352,144,3.0,8,winter,0
263,16,4.2,8,winter,1
196,114,4.7,1,winter,0
406,123,4.7,4,spring,1
66,113,2.6,12,autumn,1
258,12,4.3,9,summer,1
110,16,4.9,5,autumn,1
248,9,3.5,9,summer,0
286,99,3.2,9,autumn,1
109,41,2.1,5,winter,0
395,90,2.4,3,autumn,1
364,13,2.6,2,autumn,0
134,10,3.1,3,winter,1
406,86,4.3,9,summer,1
15,193,3.3,2,autumn,1
455,193,2.5,8,summer,1
324,36,3.4,8,summer,0
232,151,2.4,14,winter,0
108,132,2.1,7,spring,1
260,113,2.1,2,summer,0
463,4,3.2,4,winter,1
28,83,4.9,11,spring,1
485,101,2.8,2,winter,0
9,34,3.0,12,autumn,1
306,181,4.5,7,spring,0
183,192,2.0,2,summer,1
476,147,2.5,4,winter,1
11,34,3.0,8,summer,1
191,149,4.2,14,autumn,0
39,4,3.9,4,winter,1
302,113,2.4,14,summer,1
375,130,2.4,4,spring,1
83,132,1.5,4,autumn,1
204,14,2.0,9,winter,0
351,61,2.4,2,spring,1
492,162,2.0,6,autumn,1
496,120,2.0,5,autumn,1
166,86,1.4,14,winter,1
421,95,3.4,12,autumn,1
246,90,4.8,1,autumn,1
286,68,4.7,10,spring,1
294,133,4.4,8,summer,0
303,189,2.9,1,spring,1
239,123,2.8,5,summer,0
269,192,3.7,13,summer,0
175,13,2.2,5,autumn,1
275,95,2.3,6,summer,1
334,8,4.6,13,summer,1
74,106,4.9,10,spring,0
95,36,3.6,9,spring,0
252,72,3.6,14,autumn,0
215,145,3.8,6,summer,1
49,17,2.1,9,autumn,1
63,87,3.0,10,spring,1
328,171,2.3,13,spring,1
496,80,2.2,5,autumn,1
184,190,2.5,10,winter,1
210,13,4.1,6,autumn,1
452,116,2.8,3,winter,1
371,178,4.5,13,summer,1
238,143,1.3,7,spring,0
347,54,3.1,6,autumn,0
225,160,3.8,2,summer,0
159,175,5.0,10,winter,0
404,147,2.3,11,winter,1
262,131,2.0,9,winter,1
275,132,4.7,2,summer,1
485,101,2.1,6,summer,1
178,118,2.1,5,spring,0
361,101,3.2,13,winter,1
350,199,3.2,10,summer,1
150,18,3.8,13,winter,0
80,179,4.6,12,spring,1
125,158,3.1,9,summer,1
412,147,2.8,7,summer,1
117,140,2.8,12,autumn,1
14,83,2.5,6,spring,1
245,85,2.4,11,autumn,1
182,141,3.1,4,spring,0
176,3,2.4,14,autumn,0
56,107,2.8,2,spring,1
361,190,3.2,6,summer,1
450,184,2.7,7,winter,1
412,106,2.5,7,winter,0
428,37,3.5,9,autumn,0
274,177,4.6,3,autumn,1
405,139,1.0,7,spring,1
266,147,2.7,1,winter,0
57,104,1.4,6,winter,1
414,2,2.6,1,spring,1
455,170,2.9,11,summer,1
193,126,4.9,12,spring,1
330,38,4.1,9,summer,1
423,32,4.5,11,winter,1
296,7,3.7,12,spring,0
48,52,3.8,6,spring,1
9,2,2.9,7,summer,1
81,29,1.4,8,summer,1
72,78,4.7,4,winter,0
74,9,2.8,14,summer,1
392,157,2.8,9,autumn,1
250,69,2.2,8,autumn,1
245,69,2.2,7,autumn,1
88,197,2.5,13,spring,1
427,9,2.3,7,summer,0
454,77,4.1,3,winter,0
481,146,3.8,6,spring,0
155,4,2.9,10,winter,1
239,20,4.2,7,spring,0
348,57,4.1,4,spring,0
170,80,2.6,13,autumn,1
258,2,3.5,7,spring,1
398,113,4.7,2,winter,1
362,153,2.0,9,winter,0
79,141,3.7,12,summer,1
242,47,3.9,4,autumn,0
362,161,4.4,4,summer,0
280,77,5.0,9,autumn,0
205,135,4.6,11,spring,0
318,136,3.2,8,summer,1
491,26,3.2,14,autumn,0
285,125,3.4,1,winter,1
338,99,3.1,6,summer,1
244,96,3.0,10,summer,1
217,113,2.3,12,winter,1
234,160,3.8,10,spring,1
467,184,1.6,8,summer,1
7,164,2.9,11,winter,1
306,72,4.6,3,summer,1
263,31,3.8,5,autumn,1
451,146,2.7,1,winter,1
146,1,1.5,5,summer,1
440,103,1.6,13,autumn,1
99,143,1.6,5,spring,1
169,112,4.6,12,spring,1
75,102,3.1,1,autumn,1
214,54,4.1,7,summer,1
46,31,4.5,13,autumn,1
277,168,1.3,7,summer,1
261,183,3.3,14,spring,0
402,122,2.6,8,spring,1
118,111,2.2,11,spring,1
183,66,2.2,12,spring,0
95,95,2.9,9,spring,1
145,3,1.3,6,spring,1
177,166,3.9,2,winter,1
418,22,1.8,2,summer,0
442,115,2.9,1,spring,1
69,170,4.6,5,winter,1
405,25,1.6,8,autumn,1
265,148,4.2,8,summer,0
221,64,3.0,12,autumn,1
425,19,3.5,13,spring,1
100,117,2.8,13,autumn,1
95,46,4.1,14,winter,1
205,166,3.0,9,autumn,1
101,145,3.9,12,spring,0
350,87,3.7,11,autumn,1
419,91,3.9,7,spring,1
212,187,3.4,1,summer,1
119,123,3.6,8,autumn,1
307,65,1.8,1,autumn,1
311,81,4.9,6,spring,1
446,108,4.1,5,spring,0
494,7,3.0,5,autumn,1
250,147,3.1,2,spring,0
168,41,4.4,3,winter,1
122,191,4.9,10,summer,1
207,50,2.3,2,autumn,1
231,11,4.5,9,summer,0
455,93,3.0,12,autumn,1
72,84,5.0,6,summer,0
57,133,1.2,12,autumn,0
134,105,3.6,4,winter,1
486,67,4.3,7,autumn,1
451,145,3.9,10,spring,1
313,135,4.7,1,winter,0
436,8,5.0,4,spring,0
382,9,3.3,11,autumn,0
212,46,4.1,1,autumn,1
271,172,3.3,6,winter,0
379,82,2.6,4,winter,0
227,9,4.8,8,autumn,0
277,190,2.9,8,spring,1
456,146,3.2,14,spring,0
433,25,3.3,4,spring,1
402,29,1.8,13,spring,1
371,35,3.7,11,summer,1
416,88,3.3,10,autumn,1
210,100,3.3,4,winter,1
27,156,2.2,9,winter,0
185,132,2.4,7,summer,0
489,192,2.2,10,summer,0
80,8,3.3,4,summer,1
451,174,3.9,11,summer,1
257,58,3.8,7,autumn,0
462,30,4.3,3,spring,1
7,75,2.1,9,summer,0
447,27,2.4,4,autumn,1
126,65,4.8,14,spring,1
178,105,4.0,2,autumn,1
214,121,5.0,11,spring,0
299,104,5.0,12,summer,0
456,50,1.3,6,summer,1
442,126,2.7,12,summer,0
398,63,1.9,13,summer,1
471,4,3.2,11,autumn,1
421,75,2.1,8,spring,1
227,156,2.5,11,autumn,1
392,156,4.2,13,autumn,1
124,15,3.1,2,spring,0
363,52,3.3,7,winter,1
310,129,1.4,10,winter,0
383,47,4.0,7,spring,1
213,90,2.2,8,winter,1
372,98,3.5,11,spring,1
37,148,1.7,9,spring,1
177,14,4.1,14,autumn,0
293,6,2.6,4,summer,0
168,182,1.5,11,spring,1
275,139,2.7,2,summer,0
162,137,1.8,6,spring,0
428,24,2.4,10,autumn,1
40,144,4.6,9,autumn,1
268,127,5.0,14,spring,1
164,40,1.8,1,autumn,1
439,10,3.7,7,summer,0
316,25,4.2,13,summer,0
238,15,4.6,8,summer,0
49,130,1.4,8,winter,1
170,62,1.9,1,winter,1
325,9,1.9,7,summer,1
171,180,4.5,2,autumn,1
432,156,2.2,13,winter,1
335,117,4.5,8,spring,1
490,105,2.9,1,winter,0
246,171,4.1,1,spring,1
423,86,3.6,5,spring,1
393,2,2.9,1,winter,1
78,17,2.3,14,spring,0
52,6,3.5,4,spring,0
97,171,1.0,2,autumn,1
229,138,3.5,3,spring,0
233,51,1.7,1,summer,0
464,168,3.0,9,winter,1
259,195,2.1,10,spring,0
222,75,4.3,2,winter,1
289,62,2.8,14,winter,1
224,143,2.0,2,winter,1
296,116,4.4,13,summer,1
329,132,4.2,3,winter,1
112,98,2.7,1,summer,1
474,144,4.0,13,winter,0
252,159,3.6,4,summer,1
414,51,1.9,4,spring,0
284,182,2.7,5,summer,0
114,54,4.5,13,summer,1
11,148,2.8,5,spring,1
266,84,2.5,7,spring,0
400,29,2.0,14,winter,1
108,133,4.8,5,summer,1
378,170,4.9,5,summer,0
335,18,4.2,14,summer,0
69,173,3.0,5,spring,1
60,38,2.3,10,summer,0
230,169,3.0,6,winter,0
283,196,3.1,8,winter,0
239,159,4.4,1,summer,1
162,10,4.9,14,autumn,1
36,38,2.5,13,autumn,1
102,117,2.2,13,summer,1
270,12,3.7,14,autumn,0
388,43,4.2,10,autumn,1
479,111,3.2,14,spring,1
135,129,3.3,1,autumn,1
292,157,4.6,4,summer,1
141,19,2.2,7,spring,0
127,170,3.4,7,winter,1
486,54,3.5,9,spring,1
103,69,2.3,6,autumn,0
294,77,5.0,12,spring,1
71,62,2.6,6,autumn,0
66,33,3.9,1,autumn,0
495,37,5.0,6,winter,0
99,23,1.4,9,spring,1
287,140,4.2,13,summer,1
163,148,4.3,5,spring,1
183,6,4.6,6,autumn,0
53,149,4.5,14,winter,1
94,20,3.0,12,autumn,1
436,79,2.6,11,summer,0
349,113,4.2,10,winter,1
126,177,4.8,5,winter,0
450,50,3.0,14,winter,1
5,118,2.2,9,winter,1
272,184,4.6,8,spring,1
2,40,4.1,6,winter,1
464,37,2.2,6,autumn,1
288,168,1.3,9,autumn,1
371,199,3.2,13,winter,1
319,44,4.3,2,spring,0
312,76,3.8,9,autumn,1
445,151,4.6,7,summer,1
245,143,2.7,5,spring,1
28,106,2.8,12,spring,1
50,58,2.0,3,summer,1
136,135,2.8,2,spring,0
311,5,2.1,14,autumn,1
302,88,2.7,8,winter,1
44,58,2.1,10,winter,1
398,52,2.0,11,spring,1
30,34,2.3,3,spring,1
432,124,3.8,1,summer,1
79,94,4.3,2,autumn,0
439,189,3.2,13,summer,1
85,162,3.9,9,summer,0
421,149,4.8,12,winter,1
246,28,5.0,13,autumn,1
463,56,4.2,4,summer,0
56,38,2.6,4,spring,0
343,78,4.8,14,winter,1
398,145,4.5,14,autumn,0
349,30,2.7,9,winter,1
199,132,1.6,6,summer,1
236,43,3.2,14,winter,1
352,36,3.4,10,winter,0
166,157,4.4,2,autumn,0
190,37,2.8,10,winter,1
151,136,2.0,7,autumn,0
246,113,2.0,5,winter,1
72,122,2.4,3,spring,1
186,177,4.9,12,summer,0
90,0,4.3,4,autumn,1
37,68,4.2,5,autumn,1
421,120,4.3,11,autumn,0
354,77,4.6,4,summer,1
303,84,1.9,9,summer,0
177,4,3.1,4,winter,1
278,121,3.5,7,autumn,0
175,103,3.3,4,autumn,1
7,122,2.4,12,summer,1
472,189,3.5,4,spring,1
319,199,2.6,12,summer,1
111,7,5.0,2,spring,0
421,122,2.7,14,winter,1
396,183,3.8,1,winter,1
251,197,3.2,4,autumn,0
57,36,4.9,14,winter,1
274,98,1.7,12,winter,1
286,54,2.3,7,spring,1
244,194,3.6,4,summer,0
389,114,4.3,11,autumn,1
234,133,2.3,9,autumn,0
420,117,1.2,9,winter,0
90,30,3.6,10,winter,1
69,173,3.4,6,winter,0
379,97,3.4,1,winter,1
351,141,3.2,11,summer,0
258,45,3.1,11,spring,1
231,187,2.5,7,winter,1
447,16,2.6,12,autumn,1
193,169,2.5,5,spring,0
70,188,3.2,13,spring,1
357,86,2.3,6,winter,0
207,70,3.8,5,spring,1
386,80,4.5,1,summer,0
173,30,3.2,10,summer,1
234,65,1.2,9,winter,1
233,160,2.1,2,autumn,1
78,183,2.8,8,summer,1
293,54,3.1,9,winter,0
125,161,3.3,10,spring,1
131,153,4.1,7,summer,1
203,178,2.6,3,spring,0
486,42,3.8,6,summer,1
362,78,3.7,11,winter,1
38,153,3.1,13,summer,0
306,144,1.4,14,autumn,0
304,76,3.8,9,spring,1
79,106,4.9,1,autumn,0
474,180,4.3,2,spring,0
401,193,1.7,12,spring,0
392,93,4.6,2,spring,0
446,65,3.2,4,spring,0
31,72,2.0,4,autumn,0
477,128,4.0,12,spring,0
422,87,4.2,11,winter,1
127,41,4.8,9,autumn,0
240,95,5.0,1,winter,0
310,31,2.6,4,winter,1
416,60,4.9,1,autumn,0
160,128,2.1,11,autumn,1
210,178,3.5,10,autumn,1
238,65,1.3,5,winter,1
181,169,3.4,7,winter,1
164,137,2.2,6,summer,1
10,177,3.1,10,summer,0
328,188,3.9,11,winter,1
410,21,4.5,1,autumn,1
110,109,2.9,12,spring,1
275,16,2.3,9,autumn,1
160,110,3.0,12,winter,1
350,2,2.9,7,spring,1
262,169,2.4,10,summer,1
272,14,2.3,6,autumn,1
278,11,3.7,9,summer,0
102,108,3.4,1,spring,1
243,165,3.8,13,spring,0
68,141,3.5,12,summer,0
82,109,2.6,12,summer,1
222,55,2.7,10,spring,0
369,84,5.0,2,summer,1
267,189,4.0,8,spring,1
239,165,3.9,1,summer,0
147,2,5.0,12,spring,1
273,17,2.4,8,spring,0
296,143,1.8,14,summer,1
0,166,3.9,12,winter,0
315,169,3.2,7,autumn,1
340,63,3.9,12,spring,0
160,141,4.3,11,spring,0
242,73,4.3,2,autumn,1
382,99,2.6,8,summer,0
140,128,2.8,9,summer,1
37,22,3.9,4,summer,0
272,131,3.8,5,summer,1
215,130,3.9,5,spring,0
198,66,4.0,13,autumn,0
55,4,2.9,14,autumn,1
6,152,3.0,2,summer,1
228,145,2.9,2,summer,1
233,118,4.0,5,winter,1
291,116,4.3,12,autumn,1
469,149,3.0,6,summer,0
352,143,4.4,3,spring,1
181,84,2.3,7,winter,1
390,51,3.7,3,autumn,1
206,115,3.6,6,winter,1
454,30,4.9,11,spring,0
312,169,3.8,3,winter,1
143,59,2.5,10,autumn,0
212,83,2.3,6,winter,1
278,50,1.7,8,winter,1
195,139,2.3,9,autumn,1
254,113,4.0,7,autumn,0
299,63,3.3,12,winter,1
284,15,4.0,8,autumn,1
47,115,4.6,2,autumn,1
40,132,2.4,14,winter,0
443,42,3.8,3,spring,0
128,155,2.6,4,spring,1
450,13,4.2,14,winter,1
174,89,2.8,14,winter,1
370,184,2.7,4,summer,0
348,122,3.0,6,spring,1
6,109,5.0,14,winter,1
335,38,4.1,6,winter,1
401,99,2.9,9,winter,0
122,159,2.6,6,winter,1
480,173,1.4,12,spring,1
107,52,3.6,4,summer,0
365,132,4.5,10,winter,0
478,143,1.7,14,autumn,1
327,53,3.3,5,spring,1
353,95,2.4,1,spring,0
436,56,3.1,10,autumn,0
152,49,4.8,10,spring,1
78,118,4.0,6,autumn,1
65,145,4.9,4,winter,0
144,178,4.3,12,summer,1
368,62,2.3,6,spring,0
389,191,3.1,5,spring,0
249,153,3.8,8,autumn,0
112,40,1.8,7,autumn,1
361,59,2.9,2,autumn,1
197,27,4.2,11,spring,1
270,2,4.3,9,autumn,0
420,38,1.3,9,spring,1
12,153,4.2,8,summer,1
370,150,4.4,11,summer,1
386,104,2.8,13,spring,1
455,182,2.7,10,spring,0
403,15,2.9,4,spring,1
498,38,3.0,12,summer,1
402,118,2.7,5,autumn,0
176,195,1.3,6,autumn,0
401,35,2.9,1,spring,1
390,59,3.4,6,winter,1
245,102,4.1,6,winter,1
10,132,2.2,5,autumn,1
481,179,1.8,2,summer,0
213,73,2.8,12,summer,1
226,61,4.0,3,autumn,1
147,116,2.6,6,autumn,1
415,30,1.9,3,winter,0
429,100,4.2,2,spring,1
159,21,3.5,13,winter,1
35,15,3.7,4,autumn,0
434,53,3.1,3,spring,1
311,171,4.4,3,summer,1
445,165,4.4,13,autumn,1
32,184,2.2,12,spring,1
440,107,2.6,10,winter,1
62,198,3.4,7,winter,1
185,55,4.7,10,spring,1
359,184,4.0,1,spring,0
445,30,3.2,13,winter,1
449,89,2.2,8,winter,1
240,121,2.6,1,spring,1
241,71,3.4,10,summer,1
440,135,2.4,13,summer,1
193,47,4.4,11,autumn,0
327,36,3.3,7,autumn,1
273,35,2.1,13,summer,0
486,109,3.6,9,winter,0
172,182,2.3,6,summer,0
265,147,5.0,8,autumn,1
254,149,3.9,4,summer,1
330,163,1.8,8,autumn,1
356,21,3.6,13,autumn,1
471,130,3.0,9,summer,0
350,166,3.2,5,autumn,0
262,195,3.7,10,summer,1
3,124,4.4,13,spring,0
17,116,3.6,12,autumn,1
312,30,4.4,13,summer,1
186,173,1.5,6,autumn,1
411,59,2.9,14,spring,1
422,93,2.1,9,spring,1
194,4,3.2,7,spring,1
7,158,4.2,12,summer,1
437,83,4.0,8,winter,1
478,89,2.9,6,autumn,1
184,48,3.7,3,summer,1
25,19,4.1,14,autumn,1
181,7,3.2,14,summer,0
3,151,2.0,3,spring,0
214,32,1.5,3,spring,1
272,69,2.5,10,autumn,0
464,114,2.1,3,summer,1
250,122,3.0,12,summer,1
449,103,2.2,14,winter,1
219,105,5.0,1,spring,1
330,58,3.6,6,spring,0
51,18,3.9,11,autumn,1
469,93,3.9,1,spring,1
144,86,3.7,14,spring,0
168,47,5.0,6,spring,1
212,64,3.1,9,summer,1
66,128,4.1,2,summer,1
150,174,4.9,1,autumn,1
446,80,4.3,9,autumn,1
237,36,4.2,7,winter,1
100,8,3.9,7,spring,0
151,150,2.1,9,autumn,1
338,52,3.9,9,autumn,1
68,199,2.5,3,spring,0
455,94,1.7,6,autumn,1
117,70,3.7,3,winter,0
342,83,1.7,13,winter,1
356,88,2.4,10,spring,1
64,100,3.2,7,winter,0
199,155,3.1,9,summer,0
450,68,3.2,1,autumn,1
180,18,2.7,9,autumn,1
347,163,2.9,8,autumn,1
243,93,2.0,9,winter,1
207,45,3.6,12,spring,0
278,99,3.8,12,winter,1
454,129,1.4,3,summer,1
94,4,1.7,7,autumn,1
107,72,3.7,4,winter,1
218,108,2.9,3,summer,1
204,121,2.9,10,winter,0
202,11,4.4,7,autumn,1
134,20,2.3,8,spring,0
150,170,4.1,10,spring,1
301,16,2.6,11,autumn,1
24,136,5.0,12,winter,1
206,90,1.0,11,autumn,0
227,151,2.7,10,spring,1
60,194,4.1,14,summer,1
163,31,2.1,1,summer,0
34,191,3.1,14,summer,1
289,179,1.8,1,autumn,0
374,148,3.0,2,summer,0
20,88,3.7,14,autumn,0
57,6,4.8,14,winter,1
247,99,3.7,4,autumn,1
87,100,1.4,3,winter,0
42,22,4.6,1,winter,1
375,121,4.7,9,winter,0
119,151,1.9,6,autumn,0
99,63,4.5,14,summer,0
404,102,5.0,9,summer,0
437,161,2.7,1,autumn,1
333,22,2.3,6,summer,0
189,10,3.6,12,winter,1
344,88,5.0,5,summer,1
58,80,2.9,9,autumn,1
452,178,4.0,7,autumn,1
421,77,1.8,3,autumn,1
235,68,2.8,5,winter,1
416,120,3.7,5,summer,1
11,72,2.8,10,summer,1
209,17,4.4,3,autumn,0
494,199,3.9,3,winter,1
237,113,2.4,5,summer,1
211,174,1.1,8,spring,1
158,7,2.1,4,spring,0
458,14,5.0,13,spring,0
276,27,4.7,7,autumn,1
79,123,5.0,11,autumn,1
19,165,5.0,4,summer,0
353,97,1.2,7,autumn,1
56,193,3.6,12,spring,1
434,44,1.8,3,spring,1
338,81,3.0,2,spring,1
155,9,4.2,3,winter,1
208,63,5.0,5,autumn,0
133,96,2.1,2,winter,0
82,83,1.9,9,summer,1
198,199,3.8,4,spring,1
68,70,3.9,7,spring,0
297,41,2.4,12,summer,1
0,125,3.8,14,winter,1
128,170,2.1,1,spring,1
76,64,2.4,7,spring,1
241,7,2.6,5,spring,1
376,36,4.2,11,spring,1
499,121,4.1,3,summer,1
28,40,1.7,5,winter,1
76,70,4.1,7,winter,1
327,68,3.6,2,summer,0
392,157,3.9,9,summer,1
466,161,2.3,9,summer,1
395,28,2.1,10,summer,1
476,146,3.2,10,autumn,0
223,91,4.0,11,summer,1
226,51,3.8,10,autumn,0
239,135,1.7,1,autumn,0
135,50,3.0,9,autumn,1
391,184,3.7,10,autumn,1
179,58,1.6,3,winter,0
442,67,2.0,6,winter,0
251,91,3.6,13,spring,1
148,124,2.9,4,autumn,0
21,13,2.6,12,winter,1
289,169,5.0,3,summer,1
244,77,4.2,4,spring,0
333,127,4.3,8,winter,1
220,183,3.1,5,winter,0
233,62,3.0,5,winter,1
407,4,4.1,7,autumn,0
393,199,2.0,9,spring,1
371,194,3.1,5,autumn,0
115,139,1.8,12,spring,1
455,12,5.0,4,autumn,1
32,2,5.0,14,autumn,0
79,149,2.4,3,autumn,0
11,186,1.9,2,winter,1
83,40,3.3,2,winter,1
381,26,5.0,7,spring,1
457,0,1.8,11,winter,1
170,146,3.8,3,spring,1
19,112,3.3,8,spring,0
85,93,2.3,12,autumn,0
304,139,2.5,6,summer,1
6,178,2.2,12,autumn,1
104,153,4.0,13,winter,1
3,15,4.0,9,summer,1
301,150,4.3,2,spring,0
331,71,3.8,8,winter,0
312,36,5.0,4,winter,0
97,27,3.3,10,autumn,1
222,112,3.0,3,summer,0
390,78,2.2,4,autumn,1
16,182,2.6,5,spring,1
13,50,2.0,7,winter,1
396,11,4.5,14,winter,1
181,66,2.2,10,winter,1
440,76,4.2,9,spring,0
389,77,4.2,11,summer,1
73,44,3.5,8,autumn,0
383,66,3.7,14,winter,1
205,75,3.6,14,autumn,1
414,99,1.6,2,autumn,0
195,106,2.3,5,summer,1
123,77,3.8,1,spring,0
245,82,2.7,5,autumn,1
226,13,2.6,3,spring,1
88,84,2.5,11,summer,0
455,19,2.2,12,summer,1
73,20,2.6,3,autumn,0
447,114,3.8,5,autumn,1
363,49,5.0,11,autumn,0
47,40,3.8,7,spring,1
115,46,2.8,14,spring,1
97,11,5.0,8,summer,1
391,101,2.7,4,winter,1
346,120,4.0,4,spring,1
459,95,3.9,1,spring,1
235,90,2.3,1,spring,1
2,147,4.7,5,summer,1
19,154,3.8,3,autumn,1
206,165,2.5,5,autumn,0
414,134,4.2,1,winter,1
123,167,4.2,5,spring,1
375,198,1.7,4,spring,1
379,11,1.3,4,winter,0
320,20,3.1,7,winter,1
218,97,3.5,13,spring,1
38,7,2.6,6,winter,1
250,100,3.3,4,autumn,0
283,97,2.9,1,winter,1
424,50,2.6,4,autumn,0
319,192,2.4,11,summer,0
365,66,4.7,4,winter,1
3,197,3.7,3,autumn,1
465,179,4.7,8,spring,0
156,44,2.6,14,winter,0
196,87,2.8,12,winter,0
164,86,2.9,14,winter,1
310,198,4.0,4,autumn,1
245,116,4.8,1,winter,1
324,89,2.5,9,spring,0
330,189,4.0,6,summer,0
450,103,2.2,5,winter,1
396,110,3.3,10,autumn,1
70,187,5.0,10,autumn,1
93,64,5.0,8,spring,0
191,129,4.6,4,spring,1
392,115,2.3,4,spring,1
314,0,1.1,11,winter,1
372,117,2.6,14,summer,1
332,125,1.8,5,summer,1
467,8,2.5,8,summer,1
49,199,4.7,6,winter,0
258,22,4.6,9,autumn,1
495,177,2.5,4,spring,1
218,166,4.5,8,spring,0
490,85,4.2,10,autumn,1
124,0,2.1,10,spring,0
175,193,3.1,14,winter,1
253,150,3.7,9,summer,1
396,48,5.0,13,spring,1
94,120,3.3,1,summer,1
206,16,2.6,8,spring,0
296,128,1.9,10,spring,0
198,77,3.0,14,spring,1
104,132,3.1,9,autumn,0
252,151,1.4,14,spring,0
246,88,3.9,5,spring,0
133,123,3.4,10,spring,0
83,165,4.4,9,spring,0
206,113,3.2,5,summer,0
259,142,3.4,13,summer,1
49,9,2.4,3,autumn,1
426,86,3.4,2,autumn,1
479,156,2.3,14,spring,1
95,71,1.6,6,spring,1
211,10,2.3,4,winter,0
111,14,4.4,5,winter,0
343,99,2.4,7,winter,1
244,52,2.0,3,winter,0
96,114,3.6,6,spring,0
279,86,3.8,8,autumn,1
143,75,4.0,1,autumn,0
461,7,1.6,11,autumn,1
73,187,2.5,4,spring,1
391,36,4.1,3,winter,0
100,50,1.5,1,winter,1
386,27,2.5,2,summer,0
125,114,5.0,14,summer,0
372,36,3.6,14,winter,1
22,64,2.2,12,summer,0
164,54,3.4,5,spring,0
450,70,4.0,14,winter,1
487,9,3.2,7,spring,0
459,33,3.6,13,summer,1
334,186,1.6,8,autumn,1
31,40,3.1,9,winter,1
133,12,5.0,3,spring,1
2,147,4.5,13,autumn,1
54,172,3.8,14,summer,1
62,62,4.0,10,spring,1
377,179,3.9,5,autumn,1
388,2,2.5,6,winter,1
408,18,2.4,7,winter,1
276,28,5.0,9,summer,1
456,138,4.2,5,spring,1
143,40,2.3,3,autumn,0
267,58,2.3,4,winter,1
413,36,3.8,8,summer,1
408,89,2.2,13,spring,1
422,90,2.3,7,winter,0
267,125,4.8,10,autumn,0
444,166,3.7,9,summer,0
271,22,4.2,6,summer,0
260,53,2.8,14,spring,1
411,126,3.2,13,spring,1
118,148,3.1,14,summer,1
355,179,4.7,3,winter,1
426,66,3.7,11,spring,1
495,76,4.9,12,winter,0
451,178,3.4,7,winter,1
177,166,4.5,8,summer,1
162,55,2.4,9,summer,0
395,78,2.4,11,winter,0
440,187,2.0,4,winter,1
494,130,1.7,12,autumn,1
465,107,3.3,9,autumn,1
292,34,4.2,3,winter,1
454,118,2.1,4,spring,1
20,145,4.4,4,winter,0
456,109,3.9,11,winter,1
240,88,1.8,5,spring,0
233,94,2.2,1,spring,0
25,37,3.4,6,summer,1
467,32,4.6,4,autumn,1
186,47,4.1,7,winter,1
394,169,3.2,6,summer,1
227,77,2.7,13,spring,1
187,70,1.9,13,autumn,1
80,195,3.8,8,summer,1
128,100,2.6,7,spring,0
299,10,2.5,10,winter,0
424,102,3.3,4,spring,1
62,98,3.1,4,summer,0
215,142,2.1,5,summer,1
489,47,2.6,5,summer,0
110,20,2.8,8,summer,0
429,181,2.9,11,spring,0
469,14,2.8,7,spring,1
287,65,2.5,11,spring,1
142,125,2.4,10,summer,1
155,73,2.7,3,summer,1
308,63,2.0,11,spring,1
402,105,4.9,11,spring,1
202,90,1.9,2,autumn,0
405,165,3.0,11,winter,0
360,43,3.1,13,spring,1
449,158,4.6,14,summer,1
155,35,3.0,4,autumn,0
256,149,4.1,5,winter,1
39,113,2.9,14,winter,1
318,62,4.7,7,winter,1
318,30,2.4,12,autumn,0
123,196,3.2,8,autumn,1
401,96,4.4,5,summer,1
479,28,3.0,7,summer,0
458,107,2.2,7,winter,1
458,72,4.2,13,summer,1
126,147,5.0,5,winter,1
236,43,4.5,4,spring,0
273,175,1.8,11,summer,1
131,45,3.1,14,summer,0
126,19,3.2,8,winter,1
180,88,2.2,6,summer,1
466,7,2.4,3,autumn,1
335,51,3.0,9,spring,1
281,193,3.8,13,winter,0
438,160,1.9,10,spring,1
146,22,2.8,2,spring,1
168,93,2.5,7,autumn,0
283,152,2.5,4,autumn,1
125,191,4.0,12,spring,0
323,116,2.6,10,autumn,1
60,197,2.7,2,autumn,1
186,37,3.3,7,winter,1
116,111,3.3,3,summer,1
455,168,3.8,7,winter,1
239,59,4.3,14,autumn,1
217,56,4.1,11,summer,1
340,47,4.0,11,summer,1
56,142,3.4,3,summer,0
73,181,2.2,12,spring,0
20,72,4.0,1,winter,1
330,25,2.1,1,winter,1
106,2,2.7,11,winter,0
401,48,1.4,9,spring,0
316,179,4.7,4,winter,1
48,4,4.0,8,summer,0
345,10,2.3,6,autumn,0
461,83,3.5,2,winter,0
490,161,1.8,7,summer,0
243,50,3.6,6,winter,1
59,143,2.5,9,winter,0
253,48,3.9,13,spring,1
94,76,2.6,8,spring,1
291,37,2.3,11,autumn,0
31,197,3.7,4,spring,1
217,7,2.9,1,summer,0
351,49,3.6,9,winter,0
345,141,1.8,12,autumn,1
309,153,4.4,4,winter,1
167,130,2.5,6,summer,0
480,18,4.3,8,autumn,1
364,190,4.5,7,autumn,1
328,180,5.0,8,winter,1
332,69,3.2,13,autumn,1
424,124,3.8,2,summer,0
345,124,2.4,4,autumn,1
132,196,3.2,13,summer,0
156,169,2.1,2,autumn,1
194,104,2.9,13,autumn,0
412,119,1.9,3,summer,1
482,19,4.2,7,winter,1
402,124,5.0,6,summer,1
223,3,2.2,11,autumn,1
287,168,4.1,1,summer,1
150,73,3.3,2,winter,1
300,59,3.8,11,summer,0
259,136,4.8,2,winter,1
466,122,3.2,13,summer,1
439,16,3.0,1,spring,0
255,3,2.4,11,winter,1
457,36,5.0,8,spring,1
289,45,4.9,5,spring,1
29,98,2.5,10,winter,1
110,156,4.3,5,winter,1
208,114,2.3,2,spring,1
192,11,4.4,6,summer,1
117,186,2.8,7,winter,0
11,123,3.5,14,autumn,1
395,22,3.8,3,winter,1
223,83,5.0,6,spring,0
168,130,5.0,6,winter,1
112,199,4.7,7,winter,0
195,103,3.4,1,spring,0
436,195,2.8,4,spring,1
231,75,4.2,9,autumn,1
309,171,2.1,10,winter,0
1,130,4.2,7,winter,1
463,196,3.8,2,autumn,0
25,37,3.0,10,winter,1
317,33,3.7,8,autumn,0
183,151,1.2,14,spring,0
265,118,2.0,3,spring,0
190,93,2.9,6,summer,1
266,45,3.2,1,autumn,1
230,7,3.2,14,winter,0
377,94,3.0,13,autumn,1
393,98,4.5,8,winter,1
292,11,4.4,13,summer,1
280,72,3.6,7,spring,1
497,139,3.3,1,autumn,1
97,62,1.5,13,spring,1
449,128,3.1,10,summer,1
7,80,4.7,4,winter,1
205,148,4.7,12,winter,1
41,184,3.5,14,summer,1
352,88,2.7,12,autumn,1
43,53,4.1,2,autumn,0
484,43,1.3,1,summer,1
304,135,2.6,12,autumn,1
153,93,3.0,6,autumn,1
28,191,2.5,14,spring,0
110,46,2.1,14,winter,1
247,44,5.0,6,summer,0
352,29,2.6,8,spring,0
210,103,4.0,14,autumn,0
272,58,2.0,13,winter,1
62,190,4.7,14,autumn,1
30,87,1.4,12,winter,0
105,124,3.8,4,summer,0
265,126,1.9,5,spring,1
439,74,4.2,9,autumn,1
355,46,2.2,8,winter,1
115,198,1.6,7,summer,1
343,193,2.3,10,autumn,1
465,120,3.7,9,winter,0
220,97,2.6,10,autumn,0
203,121,4.0,12,spring,1
301,59,2.9,8,autumn,1
160,87,4.0,12,autumn,0
199,11,3.8,12,autumn,0
40,189,5.0,7,winter,1
129,14,1.1,14,summer,1
198,87,4.0,14,summer,0
98,28,4.3,7,summer,0
488,92,3.8,4,winter,1
333,186,3.8,1,spring,1
410,70,2.6,11,spring,1
17,105,4.4,3,autumn,1
150,137,3.2,14,autumn,1
276,36,3.0,10,spring,1
314,135,5.0,7,winter,1
140,66,4.0,4,spring,1
422,179,4.3,7,spring,0
261,170,3.6,6,winter,1
112,85,3.6,10,winter,1
19,62,4.5,7,autumn,1
325,1,1.4,14,autumn,1
359,134,2.3,12,summer,1
434,179,4.4,3,autumn,0
215,173,4.7,2,winter,1
15,149,2.6,2,winter,1
383,175,3.6,6,winter,0
262,106,3.7,10,summer,1
476,80,3.2,10,autumn,1
137,128,2.4,9,autumn,1
290,111,2.6,9,spring,0
299,107,5.0,9,winter,1
291,91,2.4,5,spring,0
84,97,1.5,12,winter,0
452,178,3.8,7,autumn,0
104,189,4.0,1,summer,1
471,84,3.3,10,winter,0
452,145,3.0,11,winter,1
35,168,3.8,3,winter,1
61,174,2.2,3,autumn,1
53,67,3.2,11,autumn,1
480,168,4.2,4,autumn,1
224,4,3.4,2,summer,1
389,31,4.5,11,summer,0
106,194,4.7,12,summer,0
476,25,2.6,7,summer,1
292,118,2.0,9,summer,0
477,191,5.0,1,summer,0
245,154,3.2,5,summer,1
449,163,4.8,8,spring,1
419,68,3.5,6,summer,0
286,129,3.6,2,summer,1
198,71,2.3,13,spring,0
231,167,3.7,13,spring,0
372,22,3.0,8,summer,1
22,161,3.5,12,winter,0
280,122,2.9,4,winter,0
195,166,4.4,5,spring,1
64,115,4.4,8,summer,0
417,146,2.9,2,spring,1
489,187,4.7,5,winter,0
484,157,1.9,9,winter,1
93,5,3.8,4,winter,1
156,149,4.4,9,spring,1
107,147,3.2,11,autumn,1
425,70,1.9,9,winter,0
232,174,4.7,14,spring,1
471,125,4.0,5,summer,1
406,10,3.5,6,autumn,0
99,16,3.9,6,summer,1
497,174,2.3,10,summer,1
289,136,4.6,1,spring,1
446,39,4.8,4,autumn,1
48,48,4.3,14,summer,1
41,26,2.4,14,spring,0
202,177,3.0,3,winter,1
209,68,3.2,14,summer,1
475,49,3.5,5,autumn,0
359,10,4.6,10,winter,0
245,33,2.5,7,winter,0
421,147,2.6,5,spring,1
465,144,4.6,7,autumn,1
440,163,3.8,6,summer,0
277,76,2.3,14,winter,0
491,68,4.1,12,spring,0
449,38,2.7,3,spring,0
166,52,5.0,1,summer,1
118,112,2.9,5,summer,1
146,106,4.3,4,autumn,0
42,41,4.2,9,autumn,0
273,136,2.4,4,autumn,0
320,9,2.9,8,summer,1
361,22,4.2,8,spring,0
348,54,4.5,4,summer,1
337,30,5.0,9,winter,1
354,93,2.5,7,summer,1
19,83,2.9,13,autumn,0
279,14,1.5,13,winter,1
187,22,2.9,10,summer,1
19,33,3.1,12,autumn,0
23,197,2.8,14,spring,1
131,179,4.0,7,autumn,1
398,187,2.4,3,spring,0
465,24,3.3,4,spring,0
375,110,3.8,5,autumn,1
253,19,2.8,12,spring,1
64,197,2.4,9,autumn,0
446,100,2.2,11,autumn,1
190,79,4.7,8,summer,1
472,160,3.5,1,summer,1
26,192,3.2,2,winter,1
479,14,4.3,13,autumn,1
299,161,1.9,7,winter,1
117,171,2.7,13,summer,1
399,131,4.9,6,summer,0
90,62,2.0,5,summer,0
136,181,4.6,13,summer,1
146,152,4.8,1,spring,0
476,46,2.2,4,winter,1
31,18,4.5,13,autumn,1
344,7,2.4,1,spring,0
152,30,4.0,4,winter,1
216,136,2.1,3,autumn,1
119,146,2.8,1,winter,0
196,19,3.6,13,winter,1
496,151,1.2,12,winter,1
25,9,2.4,8,autumn,0
157,12,4.5,10,autumn,0
12,69,2.1,14,autumn,1
453,179,2.6,4,autumn,0
118,96,4.4,6,summer,0
462,60,1.8,7,winter,1
30,150,4.4,1,autumn,1
158,34,4.5,14,summer,1
268,124,3.1,1,summer,1
114,97,1.4,8,summer,1
351,54,2.7,12,summer,1
6,36,3.5,5,summer,1
232,84,3.8,6,winter,0
231,30,4.2,7,autumn,1
136,17,2.2,11,summer,1
18,150,3.2,1,autumn,1
278,181,2.5,12,winter,0
436,72,2.2,12,autumn,1
390,12,4.8,5,spring,0
291,54,1.6,6,winter,1
479,28,2.4,8,autumn,0
343,43,1.6,4,autumn,1
108,30,2.5,13,spring,1
45,103,3.3,5,summer,1
249,70,1.9,12,spring,1
234,175,3.0,14,winter,0
12,114,4.0,14,autumn,0
458,112,2.0,2,summer,1
270,76,3.0,1,summer,1
112,166,4.2,3,spring,0
8,182,2.7,1,winter,0
171,88,3.7,13,winter,1
318,82,4.6,7,summer,1
277,45,4.3,10,autumn,1
472,31,3.5,1,summer,0
51,174,4.7,5,spring,1
362,115,4.8,10,winter,1
404,8,3.2,14,autumn,1
489,4,4.3,10,autumn,1
32,45,2.6,4,winter,1
257,116,2.3,4,summer,1
152,99,2.5,11,summer,1
474,38,1.3,11,autumn,1
81,32,3.5,8,summer,0
21,164,4.8,5,spring,1
155,148,3.3,10,spring,1
92,75,2.7,11,summer,1
233,89,2.8,3,autumn,1
480,50,1.7,1,autumn,0
333,11,2.3,3,autumn,1
109,53,1.1,2,summer,1
165,18,2.5,5,summer,1
243,63,1.3,14,spring,0
449,144,1.5,4,summer,1
155,32,4.5,13,spring,1
317,21,2.1,7,spring,1
110,177,5.0,8,winter,1
271,86,4.1,3,winter,1
174,55,3.5,6,summer,0
225,149,4.4,11,winter,1
265,27,4.7,11,winter,1
152,121,4.8,2,spring,0
29,155,2.4,7,spring,1
212,0,4.6,2,summer,1
374,140,3.9,14,spring,0
378,189,4.2,12,winter,0
254,92,2.0,7,summer,0
48,186,2.0,9,winter,1
9,30,2.4,14,spring,0
64,37,1.6,3,spring,1
398,32,5.0,9,summer,1
416,104,2.0,8,summer,0
221,48,4.5,9,winter,1
387,20,2.5,11,summer,0
466,90,2.5,3,winter,1
474,9,2.2,1,spring,1
105,44,3.1,13,spring,1
224,44,3.6,14,winter,0
374,148,2.5,14,summer,0
302,118,2.5,6,winter,0
449,101,3.3,11,spring,1
344,130,2.2,12,autumn,1
17,108,2.8,3,spring,1
106,127,2.2,5,spring,0
397,135,2.8,12,autumn,1
473,44,2.9,2,summer,1
451,79,3.7,8,autumn,1
159,17,2.7,4,spring,1
455,130,4.6,4,winter,1
18,178,2.9,13,winter,1
430,111,3.5,14,spring,1
140,37,3.2,13,spring,1
493,112,2.6,2,winter,1
418,89,2.3,9,winter,0
400,188,3.2,8,spring,0
254,89,3.0,6,spring,1
29,71,4.6,2,winter,1
323,53,2.3,4,spring,1
106,142,3.0,8,autumn,0
219,184,3.6,7,summer,0
132,7,2.8,5,winter,1
452,88,3.8,7,autumn,1
241,128,2.1,3,autumn,0
417,34,2.7,8,autumn,1
126,118,2.0,3,autumn,0
134,168,3.1,8,spring,0
44,43,3.1,6,spring,0
440,5,3.1,12,winter,0
171,55,2.0,8,winter,1
38,87,3.5,14,winter,1
335,82,4.8,3,summer,1
34,21,1.8,12,summer,1
340,195,4.1,5,summer,1
289,1,3.5,12,autumn,1
285,94,4.8,13,autumn,1
114,151,1.8,10,autumn,1
323,164,3.4,3,winter,1
105,46,3.1,2,summer,1
49,17,1.1,3,summer,1
164,80,3.7,6,summer,1
46,7,3.5,14,summer,0
131,82,2.4,6,spring,1
11,151,2.0,1,spring,1
431,45,3.8,12,spring,0
314,138,5.0,2,spring,0
98,153,2.9,5,spring,0
469,27,3.9,9,autumn,1
458,137,2.5,14,spring,0
429,147,4.2,11,summer,1
422,114,4.6,6,spring,1
45,173,4.7,5,winter,0
375,71,4.3,3,spring,1
492,28,2.1,7,spring,1
216,142,4.6,8,spring,1
462,85,2.9,5,winter,1
360,114,1.5,1,autumn,1
60,39,2.6,7,spring,1
167,118,2.7,12,autumn,0
420,71,3.9,11,autumn,0
328,194,3.6,6,summer,1
212,47,2.4,13,autumn,1
99,152,3.6,12,summer,0
190,7,4.5,13,winter,0
380,133,2.6,13,winter,1
468,47,3.9,13,spring,0
347,187,3.9,1,autumn,0
337,111,2.8,7,autumn,1
97,189,5.0,1,summer,1
412,196,3.2,5,summer,1
355,42,2.4,1,winter,1
244,146,3.5,11,winter,0
181,177,4.8,4,winter,0
119,69,2.5,10,autumn,1
381,34,3.9,10,summer,0
80,84,4.8,1,summer,1
129,57,4.5,9,spring,1
183,174,5.0,10,autumn,1
110,51,3.6,5,spring,1
80,88,4.0,3,summer,1
324,47,3.7,1,summer,1
378,125,3.3,14,autumn,1
78,111,2.7,7,winter,0
220,194,4.3,8,autumn,1
37,94,3.5,2,winter,1
496,109,4.6,12,winter,1
353,19,2.1,12,summer,0
195,167,3.5,10,winter,1
459,143,2.9,1,autumn,1
488,61,2.9,1,winter,0
259,70,4.2,4,summer,1
199,187,5.0,5,spring,1
54,196,2.9,13,summer,0
60,63,3.2,2,summer,1
40,108,1.3,13,summer,1
247,1,2.0,10,autumn,0
297,195,4.1,1,spring,1
298,35,1.7,1,summer,1
316,138,2.4,4,winter,1
446,97,3.6,3,winter,1
220,61,3.8,1,autumn,0
26,60,4.5,14,summer,0
247,83,2.9,1,autumn,1
329,137,2.4,10,spring,1
378,197,3.8,11,spring,0
261,15,4.0,2,spring,1
200,151,2.5,12,summer,1
169,80,3.5,3,summer,1
426,126,2.5,6,summer,0
142,144,1.7,1,summer,1
183,58,2.4,3,winter,1
447,17,2.5,13,summer,1
441,103,4.9,2,summer,0
486,162,2.3,2,summer,0
267,131,2.6,8,spring,1
243,38,2.6,11,summer,1
145,199,3.4,12,spring,1
254,197,1.5,11,summer,1
230,172,3.1,11,autumn,1
17,175,3.3,5,winter,0
155,59,5.0,12,autumn,1
234,28,2.5,5,spring,0
416,103,1.8,11,spring,0
36,77,2.9,6,spring,1
356,54,3.6,9,spring,1
70,182,4.2,9,autumn,0
168,72,4.3,8,summer,0
264,28,2.8,11,autumn,1
187,12,3.6,12,winter,1
2,7,2.4,8,autumn,0
471,87,3.1,7,spring,0
208,81,2.5,10,summer,1
283,74,5.0,8,summer,0
57,130,2.6,6,winter,1
156,99,2.7,8,summer,0
267,85,2.3,5,winter,0
146,190,4.1,9,autumn,0
358,35,1.0,11,spring,1
336,181,3.8,1,summer,0
4,106,3.1,10,autumn,1
154,87,3.6,1,spring,0
422,153,3.7,13,autumn,1
197,20,2.4,12,summer,1
375,126,3.9,14,autumn,1
42,175,3.4,2,autumn,0
466,46,2.9,5,summer,1
293,61,3.3,2,spring,1
458,21,3.0,7,spring,1
328,134,2.1,7,spring,1
59,103,3.0,9,spring,0
368,168,4.1,14,autumn,0
441,45,2.2,12,spring,1
171,91,4.5,9,spring,1
221,94,3.2,6,winter,0
405,90,2.4,1,spring,1
439,147,3.6,7,autumn,1
73,98,1.8,6,winter,0
322,130,2.9,3,winter,1
390,145,4.1,12,winter,0
457,106,2.8,2,summer,1
357,43,5.0,10,winter,0
150,29,2.3,12,summer,0
301,88,4.5,9,summer,1
62,14,2.1,6,autumn,1
333,134,4.4,5,spring,1
79,145,2.1,14,autumn,1
108,37,3.5,4,summer,1
162,110,3.4,9,autumn,1
353,189,4.7,1,autumn,1
314,123,5.0,6,spring,1
200,105,4.0,3,spring,0
477,163,2.7,1,summer,1
285,170,4.7,7,winter,0
64,25,4.3,2,autumn,1
288,115,4.5,11,winter,0
415,19,3.1,6,spring,1
227,172,4.3,13,summer,1
428,119,4.9,7,spring,1
380,43,2.4,9,summer,1
259,176,2.9,4,spring,1
31,72,2.1,3,winter,0
94,195,4.4,3,autumn,0
128,121,4.3,2,spring,1
190,154,3.6,11,autumn,0
466,68,1.8,2,spring,1
419,181,2.8,14,winter,1
128,23,3.6,12,summer,0
291,184,2.1,6,summer,0
178,141,3.1,8,summer,1
134,84,3.2,2,summer,0
241,92,1.0,13,autumn,0
264,21,1.3,6,summer,1
182,64,3.0,12,winter,0
243,148,2.5,1,autumn,0
240,104,3.1,10,winter,0
470,194,2.1,3,spring,1
146,101,4.4,5,summer,1
338,85,3.9,14,spring,1
398,108,5.0,3,winter,1
436,158,2.4,2,winter,1
149,77,4.0,4,spring,0
370,40,3.0,2,winter,0
191,44,2.2,5,spring,0
338,77,5.0,14,spring,1
377,72,4.0,12,winter,1
461,102,2.3,8,spring,1
59,44,2.8,14,spring,1
75,92,2.2,4,summer,1
384,66,1.9,12,spring,1
212,108,4.7,10,autumn,1
449,187,3.1,7,summer,1
70,185,2.4,9,autumn,1
41,30,4.0,11,autumn,0
224,147,3.5,14,autumn,1
406,3,4.6,1,spring,1
168,35,2.5,7,autumn,0
77,165,4.0,3,winter,1
13,26,2.7,4,summer,0
72,136,5.0,13,winter,1
300,48,4.3,12,summer,1
256,9,5.0,14,summer,0
329,78,4.6,9,summer,0
466,166,4.7,14,spring,1
406,165,5.0,11,summer,1
83,40,4.2,11,autumn,1
280,194,3.7,13,summer,1
28,103,4.2,2,autumn,1
153,153,4.5,11,spring,1
5,34,2.9,3,summer,1
3,124,5.0,12,spring,1
183,49,4.1,13,winter,0
283,186,1.5,7,autumn,1
353,61,5.0,3,winter,1
163,64,4.7,1,summer,1
257,164,4.3,2,summer,1
491,197,3.0,12,spring,1
129,90,1.6,14,summer,1
376,147,1.8,10,autumn,1
218,134,3.2,12,winter,1
80,39,3.3,4,winter,1
313,110,4.2,1,summer,0
164,19,1.9,12,winter,1
430,24,3.3,9,autumn,1
87,109,2.4,9,winter,1
0,191,4.4,7,autumn,1
86,188,2.1,12,summer,0
244,7,2.5,12,autumn,1
429,38,3.9,11,spring,0
48,174,4.0,2,spring,1
338,155,3.0,2,winter,1
115,135,3.1,3,autumn,0
357,89,3.4,13,summer,0
160,99,2.0,11,autumn,1
144,88,2.7,12,autumn,0
22,20,3.4,11,spring,0
441,187,4.6,8,summer,1
365,154,3.9,6,autumn,1
162,163,2.7,8,summer,0
425,60,2.3,9,autumn,1
0,92,2.8,12,autumn,1
106,57,4.9,2,autumn,1
76,111,2.4,13,spring,1
427,188,3.4,4,summer,1
479,63,4.6,5,summer,1
258,185,3.5,1,summer,0
138,148,3.5,2,autumn,1
391,86,2.2,5,autumn,0
136,12,2.1,9,summer,1
164,142,3.0,5,winter,1
385,15,1.7,3,autumn,1
325,80,1.8,8,winter,1
274,26,4.2,11,spring,1
119,18,4.0,7,spring,1
281,147,3.0,3,winter,0
82,51,2.9,14,winter,0
481,114,3.4,2,spring,1
462,19,1.2,4,winter,1
94,102,3.4,6,winter,1
332,34,2.7,6,summer,1
441,107,4.6,8,spring,1
73,161,2.2,5,winter,0
299,173,1.9,8,winter,0
462,43,4.3,5,winter,0
292,99,3.2,3,summer,0
147,2,5.0,13,autumn,1
297,57,5.0,7,autumn,0
161,102,1.9,11,autumn,1
224,140,4.3,1,autumn,0
495,66,2.0,8,spring,1
236,177,3.4,5,summer,1
138,109,1.9,12,spring,1
349,138,3.0,3,winter,1
6,134,3.6,3,winter,1
320,18,2.0,9,autumn,1
349,29,4.1,7,spring,1
186,168,3.0,1,summer,1
148,159,1.2,4,summer,1
198,172,4.3,2,spring,1
394,74,4.4,14,spring,1
338,160,3.7,4,summer,1
467,144,1.9,3,summer,1
160,123,3.4,11,winter,1
41,72,4.7,9,spring,1
136,174,2.5,13,summer,1
492,52,4.2,13,summer,0
151,70,2.3,13,summer,1
184,198,1.8,2,winter,0
493,198,2.2,5,spring,0
28,92,3.1,2,summer,1
158,93,5.0,9,summer,0
87,94,3.7,3,autumn,1
68,31,4.2,13,autumn,0
477,151,3.6,12,spring,0
395,60,4.6,5,autumn,1
118,90,2.7,13,autumn,1
162,84,2.4,6,spring,1
29,90,3.3,5,spring,0
34,66,5.0,3,winter,1
274,4,4.8,6,winter,1
279,70,1.4,8,summer,1
313,159,2.1,3,autumn,0
74,101,4.9,10,winter,0
480,144,3.9,11,autumn,1
416,38,1.3,11,spring,1
329,174,2.4,10,summer,0
423,23,3.8,10,autumn,1
461,187,1.0,1,spring,1
294,63,4.3,4,summer,0
195,47,3.9,14,summer,1
43,103,2.7,9,summer,0
157,16,4.6,10,spring,1
52,139,2.3,2,autumn,1
28,91,5.0,1,winter,1
346,119,3.7,10,spring,1
307,58,2.1,1,autumn,1
175,126,4.8,2,winter,1
234,36,4.1,12,autumn,1
463,95,3.6,11,autumn,1
142,148,3.4,10,summer,1
164,136,3.5,4,spring,1
86,55,3.0,3,autumn,1
90,3,1.7,10,summer,0
402,27,4.1,4,winter,0
144,93,5.0,13,spring,0
279,101,5.0,4,autumn,1
215,141,1.9,11,winter,1
450,166,1.6,4,spring,0
378,77,3.7,14,autumn,0
53,64,2.5,5,summer,0
169,147,2.8,12,autumn,0
119,147,2.9,4,winter,0
206,1,4.0,3,winter,0
311,161,2.6,2,summer,0
84,134,4.1,11,autumn,0
407,87,4.1,7,summer,1
354,67,1.7,6,winter,1
88,188,4.4,12,winter,1
435,168,5.0,7,summer,0
270,16,4.3,3,spring,1
351,41,2.2,9,autumn,1
386,1,4.0,13,spring,1
271,111,4.3,14,summer,1
360,192,2.8,7,spring,0
106,21,2.0,3,spring,1
161,154,3.7,9,autumn,1
220,80,4.1,12,autumn,1
459,65,1.6,10,summer,1
419,3,3.7,8,autumn,0
370,57,1.7,2,winter,1
408,21,3.4,13,spring,1
491,2,3.5,11,summer,1
189,62,3.9,3,spring,1
160,1,3.6,11,winter,0
188,167,4.5,1,spring,1
101,132,3.6,10,summer,0
323,85,4.1,13,autumn,0
72,132,3.5,7,autumn,1
94,189,4.2,5,summer,1
301,91,4.4,1,summer,1
436,197,5.0,14,autumn,1
257,155,2.4,8,spring,0
74,13,2.0,3,autumn,1
14,147,3.4,2,autumn,1
420,68,2.8,6,winter,0
62,99,4.2,8,summer,0
268,155,4.0,11,autumn,1
380,32,4.9,5,spring,1
407,1,2.1,12,spring,0
51,93,3.7,10,winter,1
318,131,4.4,9,spring,0
227,80,3.3,7,summer,1
177,136,3.3,13,spring,0
345,27,3.1,9,autumn,1
62,158,2.0,13,winter,1
183,14,1.6,8,autumn,0
466,77,4.5,11,winter,1
270,162,2.8,12,winter,1
36,197,2.2,2,winter,1
183,60,2.3,13,summer,0
183,128,1.7,14,autumn,0
337,147,2.1,7,spring,1
252,81,2.2,12,autumn,1
407,133,4.0,12,summer,1
308,92,3.3,7,autumn,1
327,76,4.5,7,autumn,1
192,176,3.9,4,winter,1
43,16,3.7,10,autumn,1
0,120,3.7,11,winter,1
385,108,3.6,6,summer,1
414,185,3.9,13,autumn,1
453,116,3.2,14,summer,1
240,59,5.0,8,autumn,1
125,39,3.1,14,winter,1
172,177,2.2,10,summer,1
4,67,1.0,4,spring,1
439,128,1.2,1,summer,1
195,110,3.1,4,winter,1
236,119,3.3,2,autumn,1
198,65,2.7,7,autumn,1
354,27,4.5,12,winter,0
178,165,4.7,8,autumn,1
286,20,5.0,4,winter,1
403,24,5.0,2,winter,1
51,103,3.8,6,winter,1
373,65,1.6,14,autumn,1
206,132,4.7,7,summer,0
62,4,4.7,11,spring,1
324,183,2.6,13,summer,1
201,147,2.9,10,winter,1
134,137,4.4,10,spring,1
383,53,3.5,7,spring,1
113,20,5.0,4,summer,0
210,182,2.9,12,summer,1
29,54,3.1,8,winter,1
467,64,2.3,11,spring,0
102,72,4.3,5,winter,0
482,68,1.9,14,spring,0
461,168,5.0,8,winter,1
27,172,4.2,11,spring,1
370,59,4.7,2,summer,1
141,84,4.2,9,summer,1
68,60,4.2,13,summer,1
0,22,4.4,7,autumn,1
209,166,1.7,12,summer,1
147,22,2.2,7,summer,0
151,193,4.4,3,spring,0
32,92,3.6,2,autumn,0
124,26,4.4,4,summer,1
191,182,2.8,10,winter,1
224,20,3.5,12,spring,1
379,83,2.5,7,winter,1
421,86,2.4,10,summer,1
374,124,4.6,4,winter,1
327,5,4.0,10,summer,1
178,123,4.0,4,winter,1
334,126,4.5,10,autumn,1
355,70,4.1,3,spring,0
430,67,2.9,4,summer,0
211,159,5.0,13,winter,0
290,95,1.9,8,summer,1
2,143,4.0,7,autumn,1
256,48,3.1,9,winter,1
76,131,2.8,12,spring,1
252,67,1.9,6,spring,1
250,195,3.8,9,winter,1
174,87,5.0,10,winter,1
430,38,2.4,2,winter,0
247,29,1.7,10,spring,1
195,107,3.6,6,spring,1
168,151,2.3,3,summer,0
281,125,1.8,1,summer,1
379,171,3.0,14,winter,0
257,95,2.9,11,spring,0
99,110,3.6,8,winter,0
107,167,3.1,12,autumn,1
4,42,1.4,5,spring,1
22,148,2.7,3,winter,1
46,77,4.0,5,summer,1
194,39,1.9,13,spring,0
177,129,3.1,14,spring,1
60,144,4.2,11,spring,1
447,45,3.3,7,spring,0
31,159,2.8,3,summer,1
339,182,4.6,11,autumn,1
172,174,3.0,7,autumn,1
233,185,5.0,5,autumn,0
92,69,4.6,8,winter,0
235,189,3.4,14,spring,1
260,15,3.2,12,autumn,1
447,94,3.2,12,spring,1
88,59,2.1,2,autumn,1
48,49,4.7,5,autumn,1
374,153,3.7,10,summer,1
353,117,1.0,13,autumn,1
167,148,3.1,6,winter,0
450,90,2.7,13,winter,1
492,169,1.1,5,autumn,0
65,170,3.5,14,winter,1
284,169,3.1,6,summer,1
67,28,5.0,14,summer,1
246,127,2.0,6,summer,1
420,68,2.1,14,summer,0
356,192,2.2,6,summer,0
322,65,2.1,10,autumn,1
64,61,2.4,6,summer,1
7,182,2.7,7,autumn,1
33,45,2.4,2,summer,1
187,44,3.8,3,summer,0
220,156,4.2,9,summer,1
22,142,3.2,4,autumn,0
42,169,3.5,3,winter,0
307,190,4.0,6,autumn,1
3,23,2.2,13,winter,0
272,175,2.8,14,winter,0
493,183,3.1,10,spring,0
281,91,2.1,13,summer,1
239,62,2.8,5,winter,1
273,33,4.0,2,autumn,1
84,39,3.3,8,winter,1
456,53,3.1,12,spring,1
458,150,4.9,10,winter,1
1,150,3.6,2,summer,1
74,12,3.9,4,winter,0
384,8,3.6,1,summer,0
465,41,2.4,2,spring,0
395,111,3.7,3,autumn,0
169,170,3.6,13,spring,1
424,106,1.6,14,winter,1
124,68,1.5,11,autumn,1
168,89,2.2,11,spring,1
446,86,3.2,14,autumn,0
59,143,1.8,2,autumn,0
430,156,3.5,5,winter,0
338,179,4.5,7,autumn,0
334,18,3.5,10,winter,0
90,63,4.2,5,spring,1
126,159,2.1,7,winter,0
222,112,3.9,6,summer,0
383,110,2.3,5,spring,1
128,124,3.5,14,autumn,0
372,123,3.5,2,spring,0
364,53,2.5,7,spring,0
111,191,3.3,2,autumn,1
39,1,2.8,3,summer,1
317,45,3.5,14,spring,0
443,67,3.4,14,summer,1
480,173,2.5,7,autumn,0
476,195,3.4,13,autumn,1
8,120,3.1,14,summer,1
199,19,4.6,1,winter,0
305,60,1.9,13,winter,1
355,21,2.5,2,summer,0
20,109,3.8,3,autumn,0
268,94,2.9,3,spring,0
238,86,2.4,5,spring,1
91,17,1.9,5,summer,1
408,168,1.8,1,autumn,1
325,199,3.5,13,summer,0
351,110,4.3,14,autumn,1
425,32,2.7,14,summer,1
168,119,3.6,7,winter,0
265,29,2.3,9,autumn,1
230,119,2.9,12,winter,1
203,46,2.6,5,summer,1
313,52,4.1,10,autumn,1
460,99,2.9,8,winter,0
487,152,3.6,7,autumn,0
184,157,4.4,3,spring,0
88,127,2.3,12,winter,1
442,72,4.5,11,winter,0
227,194,2.5,7,summer,1
344,104,1.0,11,summer,0
495,150,2.0,2,spring,1
191,47,4.5,10,spring,1
212,181,3.8,14,spring,1
291,191,2.6,11,summer,0
211,171,2.6,6,spring,0
446,168,1.8,8,winter,1
222,68,4.2,12,autumn,0
194,82,3.2,2,summer,1
289,117,3.9,14,summer,1
8,110,2.6,1,spring,1
302,80,2.5,6,autumn,0
383,155,3.7,9,summer,1
394,157,4.4,8,winter,0
6,161,4.0,8,autumn,1
484,167,2.3,4,summer,1
145,65,2.5,7,spring,1
453,176,3.6,14,autumn,0
138,100,2.8,12,summer,0
445,154,4.6,9,spring,1
294,0,1.7,9,summer,1
155,19,3.1,2,winter,1
146,94,5.0,1,summer,1
249,194,4.1,6,summer,1
333,102,5.0,12,summer,1
219,116,4.3,12,summer,1
103,161,3.8,3,summer,1
138,134,3.9,3,winter,1
280,182,3.3,7,winter,1
320,23,4.1,8,winter,0
409,158,4.3,2,winter,1
453,161,2.2,8,spring,1
225,17,2.1,2,summer,1
282,197,5.0,14,autumn,1
336,124,1.5,9,winter,1
358,86,2.0,7,summer,1
318,159,2.4,4,autumn,1
319,26,5.0,13,winter,1
3,128,1.3,13,summer,1
272,105,5.0,7,spring,1
0,19,3.1,12,summer,1
389,48,5.0,2,summer,0
280,26,2.3,12,spring,0
209,188,3.3,4,winter,0
39,141,2.4,7,summer,1
393,82,2.8,2,winter,1
403,103,5.0,8,spring,0
481,136,3.4,13,autumn,1
12,166,2.7,10,winter,1
66,83,3.0,13,spring,1
480,32,3.0,7,autumn,1
20,135,3.2,10,summer,1
353,196,2.5,1,spring,1
407,54,3.1,5,autumn,1
369,148,3.1,9,spring,1
25,195,3.6,7,summer,1
472,28,3.2,9,summer,1
140,7,5.0,7,winter,1
384,196,4.0,14,spring,1
339,50,4.2,2,winter,1
368,56,3.2,13,spring,1
305,106,3.8,2,summer,0
491,172,4.6,13,summer,0
427,13,3.1,3,winter,1
44,164,2.5,13,autumn,0
164,15,3.3,5,autumn,0
208,193,3.4,3,autumn,1
273,19,1.8,13,spring,1
312,74,4.3,14,spring,1
490,115,3.0,5,winter,1
387,131,4.5,7,autumn,1
364,109,5.0,4,autumn,1
435,97,2.0,4,spring,0
3,57,4.3,1,summer,0
20,61,3.6,5,winter,0
387,111,2.7,14,winter,1
414,185,4.8,13,winter,1
215,182,1.7,5,winter,1
241,118,2.2,6,spring,0
476,84,1.6,7,autumn,1
433,129,4.8,14,winter,1
246,106,3.2,5,winter,1
425,190,3.4,5,autumn,1
243,172,4.1,13,summer,0
106,57,4.9,3,winter,1
275,111,1.2,11,autumn,0
457,43,4.3,11,summer,1
101,79,2.6,11,autumn,1
448,90,3.8,5,summer,1
6,65,2.1,13,summer,1
444,62,3.2,2,summer,1
154,46,4.4,1,spring,1
335,166,3.5,3,winter,0
352,78,3.5,4,summer,1
316,170,3.8,7,autumn,0
138,0,3.8,12,spring,1
431,164,2.8,3,autumn,1
59,93,2.4,8,winter,1
285,110,4.0,11,autumn,0
315,50,1.3,6,summer,0
57,52,3.3,5,winter,0
464,5,3.1,12,summer,0
320,191,2.7,8,autumn,1
110,170,4.8,5,winter,1
145,144,3.9,6,spring,0
25,190,4.6,9,summer,1
75,168,3.8,7,winter,0
229,87,4.8,14,winter,0
485,157,3.6,2,summer,1
451,112,4.6,13,spring,1
205,121,3.8,5,spring,0
403,114,2.8,1,spring,0
175,119,2.5,4,winter,1
284,126,4.8,11,winter,0
182,3,2.7,4,winter,1
268,24,2.2,14,winter,1
248,93,3.3,14,spring,0
100,51,4.0,10,autumn,1
434,51,3.6,6,spring,1
36,56,2.6,4,autumn,1
75,147,2.0,5,summer,0
146,70,2.1,11,summer,0
221,118,4.9,5,spring,1
7,153,2.3,9,winter,1
486,34,5.0,7,summer,0
448,164,3.8,5,autumn,1
219,20,3.4,5,autumn,1
32,42,4.0,8,autumn,0
173,78,4.3,12,spring,0
186,173,2.6,12,autumn,1
29,122,4.5,13,summer,1
2,178,4.8,5,autumn,0
133,83,4.6,9,summer,0
40,85,3.2,2,autumn,0
363,129,2.4,14,winter,1
253,150,3.7,7,winter,1
142,30,2.0,3,summer,1
279,180,2.7,14,winter,1
434,149,3.7,7,autumn,1
20,126,3.6,8,summer,1
368,110,3.5,12,autumn,1
356,141,3.7,14,summer,0
120,158,2.4,14,summer,1
450,176,1.9,12,summer,1
147,39,2.6,9,winter,1
437,43,4.6,13,autumn,0
51,43,4.2,10,spring,1
358,107,3.0,10,winter,1
214,27,3.1,5,summer,1
133,60,2.7,7,summer,1
255,172,4.4,11,spring,1
188,106,4.2,6,winter,1
351,103,4.2,4,summer,0
37,92,1.8,13,summer,0
438,79,3.9,14,winter,1
252,146,3.1,11,winter,1
185,127,1.4,3,autumn,0
203,22,3.3,4,spring,1
23,193,2.8,13,spring,1
59,16,3.0,1,summer,0
46,39,2.6,4,winter,1
353,72,1.4,10,summer,1
421,106,2.3,5,summer,1
153,53,2.9,12,winter,1
302,146,4.6,7,spring,0
88,76,5.0,8,autumn,1
1,168,4.0,9,autumn,1
479,103,2.5,3,winter,0
115,163,3.0,1,spring,0
211,127,5.0,4,summer,1
399,33,4.6,5,spring,1
493,86,3.2,13,spring,0
240,114,3.6,9,winter,1
163,78,2.7,8,spring,0
333,190,3.3,1,autumn,0
488,28,5.0,11,spring,1
400,72,2.7,8,summer,1
315,101,4.5,11,winter,0
0,68,3.5,9,spring,0
449,11,2.7,6,summer,1
355,149,4.1,8,spring,0
112,73,3.0,10,summer,1
244,43,2.9,13,summer,0
392,40,3.9,14,autumn,0
213,77,3.5,4,spring,1
367,80,4.8,11,autumn,1
407,177,4.3,10,summer,1
163,84,2.3,3,winter,0
243,96,4.2,6,autumn,0
161,154,4.1,9,autumn,1
453,62,3.8,9,autumn,1
215,194,2.6,13,autumn,0
174,152,3.2,10,autumn,1
249,198,1.1,1,spring,0
48,179,5.0,12,autumn,1
141,36,3.0,2,spring,0
368,36,3.3,3,summer,0
36,158,5.0,3,spring,0
460,117,3.0,5,spring,0
251,161,2.9,14,autumn,1
226,30,4.2,11,winter,0
472,198,1.6,12,autumn,1
283,27,4.4,12,winter,0
241,121,4.0,13,spring,1
415,40,3.0,13,summer,1
175,10,4.5,2,winter,0
145,129,3.7,6,autumn,1
32,135,3.8,11,autumn,1
222,97,3.2,5,summer,1
131,167,3.5,11,summer,1
432,197,2.8,2,summer,0
26,41,3.2,8,spring,0
206,71,2.8,13,spring,1
247,53,3.0,7,spring,1
319,191,3.8,10,autumn,1
417,41,4.0,7,spring,0
455,138,2.3,1,summer,1
162,98,2.5,8,spring,1
144,137,3.4,5,summer,0
280,69,1.9,5,winter,1
6,172,4.3,9,spring,1
321,125,4.7,5,summer,1
352,80,2.5,11,spring,1
92,20,2.9,13,summer,0
23,22,2.8,5,winter,1
240,18,3.6,5,autumn,1
3,116,1.5,6,winter,0
36,176,1.7,8,autumn,0
295,39,3.0,4,summer,1
284,48,4.6,14,spring,1
52,58,1.9,2,autumn,1
482,80,2.8,3,summer,1
186,194,2.8,3,autumn,1
439,37,3.9,14,autumn,1
58,16,4.7,1,winter,1
30,44,2.8,5,summer,1
82,84,3.9,7,summer,1
429,151,4.1,7,autumn,1
453,19,4.2,7,summer,1
32,6,3.3,10,winter,1
146,124,3.3,5,autumn,1
392,147,3.7,10,spring,0
293,147,4.8,1,spring,0
158,145,2.5,11,summer,1
127,138,2.0,3,winter,0
437,7,1.3,3,spring,1
166,160,3.8,2,winter,1
277,124,1.6,13,autumn,1
406,192,2.1,7,summer,1
426,173,4.1,4,autumn,1
408,107,3.6,1,autumn,1
375,89,2.4,1,autumn,0
167,98,1.7,13,summer,0
427,122,5.0,3,autumn,0
423,46,5.0,6,summer,1
202,67,2.4,13,summer,1
34,23,4.5,9,spring,1
163,126,3.1,10,spring,0
59,128,2.4,12,spring,1
188,47,2.9,6,summer,1
181,144,2.9,13,winter,0
489,56,3.4,11,winter,0
198,100,2.8,3,autumn,1
28,180,5.0,12,spring,1
61,88,1.5,9,summer,0
159,144,2.8,2,spring,0
498,6,3.9,7,autumn,1
447,118,4.3,4,autumn,1
180,188,1.8,10,spring,1
93,52,5.0,9,winter,1
177,129,4.6,7,spring,0
420,198,1.9,11,summer,0
84,23,3.9,5,spring,1
391,68,5.0,14,autumn,1
400,104,4.6,6,spring,1
62,158,2.2,5,winter,1
190,169,4.3,13,summer,1
387,104,1.9,7,summer,1
258,139,2.0,7,spring,1
357,164,2.8,8,autumn,1
177,162,4.1,11,autumn,0
45,79,4.7,7,winter,1
347,147,4.8,13,spring,1
108,26,4.6,11,autumn,1
49,194,5.0,2,spring,1
122,95,2.3,6,winter,1
265,57,3.1,12,winter,1
482,4,5.0,13,spring,0
411,192,2.4,14,spring,1
467,161,3.7,13,spring,1
263,169,2.8,7,winter,1
384,162,2.3,3,winter,0
71,112,4.3,8,summer,1
438,12,1.4,13,autumn,0
381,91,2.5,1,winter,1
419,10,3.7,7,summer,1
356,112,3.0,2,winter,1
393,31,2.5,5,summer,1
329,161,5.0,10,summer,1
357,185,4.6,11,spring,1
39,138,4.9,1,autumn,1
247,142,4.0,1,autumn,1
49,104,2.2,9,summer,1
235,176,4.0,8,summer,1
150,57,4.1,7,spring,1
439,172,3.3,3,autumn,1
404,37,2.4,14,winter,0
414,199,2.6,10,spring,1
377,113,3.1,14,autumn,1
338,56,4.4,12,summer,1
360,87,3.2,7,spring,0
371,198,4.5,1,autumn,0
455,180,4.9,2,summer,1
422,78,3.4,4,spring,1
232,178,3.7,4,winter,0
429,12,3.5,11,autumn,0
4,129,2.6,13,autumn,1
317,104,2.0,7,autumn,0
50,154,4.7,7,winter,1
266,162,4.3,9,summer,1
354,18,4.3,2,winter,0
392,69,3.5,1,summer,1
433,47,2.4,2,winter,0
204,72,2.1,6,spring,0
389,103,3.2,4,winter,1
359,142,3.2,2,autumn,0
78,4,3.6,1,winter,1
487,91,3.4,9,winter,1
62,55,4.8,5,summer,0
49,43,4.4,9,autumn,1
230,139,1.3,8,winter,0
480,87,4.3,13,summer,1
268,10,2.7,8,autumn,1
261,24,3.6,6,winter,1
227,79,3.5,9,summer,1
399,138,3.4,11,summer,1
490,130,2.2,3,winter,1
382,14,4.4,11,winter,0
26,65,3.4,10,summer,0
278,136,3.5,6,winter,1
43,62,2.9,2,summer,1
476,93,2.3,1,spring,0
66,163,2.6,4,summer,0
494,152,4.8,13,autumn,1
377,166,3.4,5,spring,1
496,10,5.0,7,spring,1
99,184,4.4,5,autumn,0
346,187,1.5,12,spring,0
303,71,4.3,3,autumn,1
473,194,3.9,4,autumn,1
134,176,3.3,14,spring,1
459,194,4.3,14,spring,1
215,6,2.4,6,summer,0
228,125,4.8,13,spring,1
390,88,2.7,1,spring,1
28,1,2.6,14,spring,1
45,66,3.5,2,autumn,0
498,51,3.7,1,winter,1
195,161,2.0,14,winter,1
448,159,3.1,11,spring,1
487,152,4.3,4,summer,0
409,29,4.3,12,autumn,0
319,172,2.8,13,winter,0
178,139,4.5,1,spring,0
71,60,3.8,10,spring,1
19,82,4.5,8,spring,0
283,42,1.7,2,summer,1
151,183,4.6,14,autumn,1
30,43,1.9,14,spring,1
292,60,3.1,3,summer,0
363,137,3.1,6,winter,1
324,27,2.9,11,winter,1
47,85,3.4,10,spring,0
240,40,3.2,5,spring,0
280,138,2.4,14,spring,0
55,50,2.5,13,winter,1
360,162,1.9,14,spring,1
11,151,2.5,1,autumn,1
41,93,2.4,11,autumn,0
257,58,3.2,4,winter,0
144,10,2.9,2,spring,1
107,158,3.9,5,summer,1
51,127,2.1,2,winter,0
158,48,1.8,2,winter,1
371,169,2.9,4,summer,1
489,155,3.5,2,autumn,0
332,71,2.9,3,spring,0
110,109,4.0,2,spring,1
181,90,3.9,6,autumn,1
310,70,2.0,6,summer,1
333,47,1.7,12,winter,0
72,59,4.2,14,winter,0
387,111,3.1,14,autumn,1
162,177,2.7,4,winter,0
195,99,3.8,14,winter,0
158,185,2.7,7,summer,1
395,4,3.9,13,spring,1
381,94,4.3,13,winter,0
203,35,1.8,1,summer,1
442,111,2.7,5,winter,1
487,44,4.4,8,spring,1
26,42,2.2,8,winter,0
268,32,4.7,11,autumn,1
498,116,4.5,9,spring,0
149,82,3.8,3,autumn,1
475,60,3.6,10,winter,0
256,4,3.4,10,spring,1
32,76,3.8,10,autumn,0
300,7,3.5,12,summer,1
334,80,4.1,10,spring,1
261,53,2.0,1,spring,0
390,195,4.7,9,summer,1
248,36,4.4,7,autumn,1
54,142,2.0,10,spring,0
107,16,3.9,1,spring,0
484,136,4.0,13,summer,0
491,75,4.1,3,spring,1
410,34,3.6,14,spring,1
303,144,2.2,7,spring,0
376,11,3.5,4,summer,1
33,112,5.0,3,winter,0
418,102,4.9,3,summer,0
137,32,3.2,1,summer,1
8,127,3.1,2,summer,1
32,104,4.4,4,spring,0
59,57,3.7,5,winter,1
243,146,2.1,12,winter,0
18,42,1.9,11,spring,1
295,98,2.7,7,spring,0
277,147,2.9,12,spring,1
487,111,5.0,13,autumn,0
126,2,5.0,12,winter,1
361,194,5.0,13,spring,1
130,39,3.2,13,spring,0
136,114,3.1,10,autumn,0
60,63,4.4,3,autumn,1
46,171,1.3,14,spring,1
196,68,4.3,10,summer,0
16,43,2.4,9,spring,1
282,135,4.8,4,summer,0
382,193,2.3,5,summer,1
340,98,3.9,9,autumn,1
93,115,2.4,4,spring,0
495,94,3.2,13,autumn,1
382,6,3.7,4,winter,0
194,109,5.0,2,winter,1
484,29,4.0,3,autumn,1
110,194,3.2,9,autumn,1
372,50,2.0,7,winter,1
281,79,4.0,10,autumn,1
171,193,2.2,1,winter,1
380,125,3.1,7,autumn,0
242,166,4.8,1,summer,0
43,114,3.7,14,summer,1
421,150,5.0,7,spring,1
148,176,3.2,5,summer,1
286,88,2.7,2,winter,1
363,136,2.5,7,spring,1
307,99,3.1,4,spring,0
260,111,4.6,6,winter,1
19,65,3.9,4,spring,1
115,180,5.0,13,autumn,0
430,108,5.0,6,summer,1
381,61,3.2,14,spring,1
480,40,1.9,12,spring,0
485,39,3.2,6,winter,0
20,50,2.1,9,summer,1
437,161,2.0,4,spring,0
489,150,2.4,3,summer,1
250,5,4.4,9,autumn,1
252,10,3.8,2,spring,1
28,81,3.4,4,spring,1
283,95,2.1,11,winter,0
289,180,2.1,6,autumn,1
81,97,1.2,2,spring,1
173,58,1.7,4,spring,1
469,24,4.9,12,spring,1
493,94,2.3,3,winter,1
108,115,3.3,13,winter,1
206,58,2.7,13,autumn,1
315,70,3.7,3,autumn,1
27,46,3.0,10,spring,1
279,130,2.3,6,winter,0
100,140,5.0,10,winter,1
143,90,1.3,11,summer,1
408,64,3.4,13,spring,0
0,138,2.3,4,autumn,1
419,23,3.1,12,summer,0
209,123,5.0,4,summer,1
37,44,3.1,10,summer,1
317,124,3.4,14,winter,1
322,198,1.1,13,spring,1
286,94,3.3,12,summer,1
411,24,4.7,7,autumn,1
42,170,3.7,8,summer,1
299,72,2.1,11,spring,1
332,34,3.1,7,spring,0
151,82,5.0,4,spring,0
174,86,1.1,11,spring,1
145,129,4.5,11,summer,1
227,16,2.0,13,autumn,0
396,55,3.5,5,winter,1
80,132,4.1,8,autumn,0
71,0,4.0,9,autumn,0
18,98,3.1,5,autumn,1
164,190,3.9,10,spring,1
440,50,2.3,1,autumn,0
5,33,3.9,5,spring,1
8,162,4.8,14,autumn,1
99,9,2.4,3,spring,1
288,99,3.0,1,winter,1
472,131,4.4,11,spring,0
14,84,4.9,14,spring,1
399,165,3.8,10,winter,1
228,198,2.2,2,spring,0
89,94,2.9,4,spring,1
343,125,2.3,5,winter,0
325,1,3.2,9,spring,0
72,152,3.4,9,autumn,0
24,21,3.8,9,autumn,1
25,21,4.1,11,spring,1
260,80,2.3,10,summer,1
299,9,2.2,14,spring,1
326,76,4.6,7,spring,1
253,47,4.3,6,autumn,1
431,58,2.5,2,spring,1
253,178,3.5,2,spring,0
464,193,4.5,4,summer,1
433,4,3.0,3,summer,1
13,18,2.3,8,winter,1
212,47,2.1,2,spring,1
145,181,3.6,4,spring,1
464,154,5.0,7,spring,0
219,15,3.7,3,winter,0
395,77,4.8,3,summer,1
292,50,1.2,5,spring,0
134,33,3.1,1,spring,0
465,97,1.2,6,autumn,0
168,125,3.8,12,summer,0
49,3,3.5,14,autumn,1
59,19,2.1,14,autumn,1
228,199,5.0,9,summer,1
213,96,3.4,7,winter,0
22,183,3.8,10,summer,1
332,168,1.1,2,spring,1
364,49,4.9,1,summer,1
75,98,4.9,2,summer,0
229,151,1.1,14,winter,0
320,169,3.4,13,autumn,0
493,86,3.0,1,summer,1
340,35,2.8,10,autumn,1
477,36,3.5,14,spring,1
244,139,2.2,7,spring,1
398,35,3.4,2,autumn,0
345,116,3.8,2,summer,1
458,92,2.1,10,spring,1
370,19,4.2,3,summer,1
431,57,3.0,13,summer,1
33,73,3.2,8,autumn,1
293,174,3.3,14,winter,1
146,31,4.0,14,spring,0
145,154,2.7,4,autumn,1
409,43,4.1,2,autumn,0
459,85,2.5,4,summer,1
173,132,5.0,9,summer,0
273,93,3.0,6,winter,1
213,149,4.3,8,summer,0
178,182,4.2,1,summer,0
438,199,1.9,14,spring,0
343,123,2.9,2,summer,1
75,16,3.1,14,spring,0
81,163,3.3,5,autumn,0
123,160,4.2,7,summer,0
285,66,2.7,10,spring,1
83,40,4.4,5,winter,0
167,29,2.0,3,winter,1
470,157,1.7,11,winter,1
492,68,2.3,5,winter,1
419,96,2.6,2,spring,0
355,91,4.4,6,winter,1
405,99,3.1,2,autumn,1
176,42,2.5,8,summer,0
151,35,4.1,6,autumn,0
282,23,2.1,8,summer,1
136,100,2.7,11,spring,0
278,92,2.8,2,winter,1
357,148,2.1,6,autumn,1
454,121,4.4,14,winter,1
399,116,2.7,7,summer,0
416,159,3.6,7,winter,1
417,176,3.8,8,spring,0
461,84,2.9,9,winter,1
167,199,3.3,9,autumn,0
324,43,4.6,1,spring,1
405,139,1.9,8,spring,0
190,179,1.5,9,summer,1
29,47,3.0,9,spring,0
44,123,3.1,9,winter,0
473,157,4.0,2,summer,1
12,83,3.7,10,winter,1
251,111,2.0,14,winter,0
15,27,4.1,11,spring,1
90,188,4.8,9,spring,1
337,24,4.8,5,summer,1
233,136,4.7,6,winter,1
403,62,4.0,13,autumn,1
469,113,2.4,11,spring,1
218,186,3.0,3,winter,0
220,107,2.5,11,summer,1
343,148,3.3,7,winter,1
255,101,3.4,7,spring,1
88,158,1.6,8,spring,1
444,140,4.8,1,spring,1
116,131,3.9,2,autumn,1
168,124,4.2,14,autumn,1
55,17,3.5,1,spring,1
194,21,1.1,2,winter,1
296,62,2.5,11,winter,0
359,2,2.7,3,autumn,1
227,19,2.7,11,autumn,1
314,68,2.5,13,winter,1
180,162,4.0,8,summer,0
489,55,5.0,5,spring,0
409,69,1.9,9,spring,1
488,103,5.0,13,summer,1
177,56,4.3,13,winter,0
56,108,3.1,8,winter,1
438,65,3.5,12,autumn,0
75,10,2.6,9,summer,1
41,181,2.9,3,spring,0
276,146,4.7,14,spring,1
284,82,2.3,11,winter,0
202,159,3.5,8,summer,1
99,111,3.4,12,spring,0
43,22,3.0,12,winter,1
7,9,3.2,4,spring,0
175,152,2.8,4,summer,0
302,34,5.0,5,spring,1
376,166,3.9,9,summer,0
188,173,2.0,6,winter,1
77,133,2.7,13,autumn,0
363,34,2.8,12,autumn,1
296,38,2.4,6,summer,0
212,139,2.2,13,spring,1
414,101,2.9,11,spring,1
87,74,2.5,2,summer,1
294,60,1.7,8,summer,1
379,60,4.6,8,spring,1
16,193,2.2,13,winter,1
477,14,1.7,14,autumn,1
459,7,3.2,13,autumn,1
227,124,2.2,8,spring,1
371,96,2.2,11,autumn,1
41,129,3.5,12,autumn,1
414,118,4.3,5,summer,0
117,128,3.3,1,winter,0
130,160,3.9,6,summer,0
237,129,4.7,6,winter,0
465,131,3.7,12,winter,1
5,124,4.5,14,winter,1
6,106,1.8,9,summer,1
123,193,3.0,8,autumn,1
72,105,1.9,1,spring,0
209,91,3.0,5,autumn,1
263,91,3.4,6,spring,1
341,185,2.1,1,summer,1
423,77,1.9,14,winter,1
466,176,4.6,11,winter,0
190,31,2.8,1,autumn,1
51,194,5.0,1,summer,1
252,32,4.2,7,spring,1
269,129,4.2,2,summer,1
68,184,3.8,7,winter,1
331,151,1.9,7,winter,0
386,6,1.5,13,autumn,1
458,21,3.3,12,autumn,1
86,151,2.7,4,summer,0
236,43,2.8,8,winter,1
57,73,3.8,13,autumn,0
317,113,3.2,14,winter,1
90,80,4.6,5,winter,0
282,198,3.9,10,winter,0
47,25,4.1,14,autumn,1
429,90,4.3,7,autumn,1
394,76,3.8,4,winter,1
41,161,4.7,7,autumn,0
0,57,4.2,7,autumn,0
438,176,1.9,12,summer,1
8,84,3.6,9,spring,1
469,93,4.4,10,summer,1
85,41,4.1,1,autumn,1
247,176,3.5,1,winter,1
268,171,2.9,2,winter,1
161,160,4.4,3,winter,1
280,141,4.3,5,winter,0
387,112,4.9,12,autumn,0
6,183,1.8,7,winter,1
199,43,3.3,1,spring,1
96,145,4.3,12,summer,1
108,6,3.4,14,summer,0
33,94,4.4,1,summer,1
81,131,4.2,6,summer,0
479,79,2.9,7,summer,1
353,10,4.3,12,winter,0
182,74,2.7,6,summer,1
209,64,4.9,9,autumn,1
40,52,3.6,7,winter,1
257,191,4.9,8,summer,0
440,188,4.7,11,winter,1
50,61,4.7,2,spring,1
392,176,2.6,11,autumn,1
153,152,2.5,5,summer,0
475,24,4.1,4,summer,1
300,6,4.0,13,spring,1
223,28,3.5,6,winter,0
13,119,5.0,2,summer,0
207,24,2.3,14,spring,1
75,66,4.1,13,summer,1
236,22,3.3,8,autumn,1
360,37,3.0,8,autumn,1
323,113,1.9,12,spring,1
192,192,2.4,11,winter,1
84,37,3.7,10,winter,1
100,131,3.0,1,spring,0
230,161,1.1,12,winter,1
13,19,2.5,6,summer,0
286,63,2.2,12,autumn,0
7,8,3.1,12,winter,1
423,13,4.9,6,spring,1
396,59,1.7,3,autumn,1
36,85,2.4,2,spring,0
354,185,2.2,10,spring,1
222,174,3.9,6,summer,1
338,43,5.0,11,spring,1
426,90,2.7,10,spring,1
275,99,2.6,10,spring,0
69,102,4.0,10,autumn,1
231,44,2.6,6,winter,1
266,125,4.3,1,spring,1
33,24,3.7,7,winter,1
199,158,1.9,2,summer,1
360,31,2.9,14,autumn,1
40,112,4.9,3,autumn,1
57,116,2.1,4,winter,0
60,192,4.1,1,winter,1
249,72,2.1,2,spring,1
54,0,3.3,1,summer,1
387,78,2.7,1,winter,1
68,71,2.5,13,spring,1
421,34,1.7,3,winter,1
465,2,2.7,2,winter,1
459,165,2.2,11,winter,1
213,21,2.1,10,autumn,1
19,195,3.3,12,autumn,0
466,8,3.3,13,winter,1
73,87,5.0,13,autumn,1
484,42,3.3,8,autumn,0
102,87,3.4,6,summer,1
431,63,3.8,6,winter,0
139,2,2.9,3,winter,0
401,23,5.0,12,autumn,1
394,97,2.3,8,autumn,1
494,41,2.4,4,winter,1
330,142,4.7,9,winter,1
354,150,2.8,14,autumn,1
41,88,3.8,8,spring,1
412,151,1.1,13,autumn,0
291,189,2.0,8,winter,1
89,135,3.4,14,autumn,0
9,77,2.6,5,winter,1
205,190,4.7,13,autumn,1
216,36,3.3,11,winter,1
194,66,2.8,14,winter,0
472,87,2.8,7,autumn,1
204,80,2.1,10,spring,1
253,33,4.6,5,spring,1
398,186,2.3,14,spring,0
105,38,3.4,4,spring,0
196,119,4.6,10,summer,1
261,187,2.3,2,winter,0
304,89,1.3,1,winter,1
498,67,2.2,11,summer,0
75,155,4.4,5,winter,1
319,135,4.6,8,spring,0
440,180,3.9,12,winter,0
332,64,2.9,10,spring,0
329,140,1.6,3,winter,1
104,137,2.0,9,winter,1
30,15,2.6,12,winter,1
352,27,4.6,1,winter,1
201,138,2.6,9,winter,0
244,20,2.7,6,winter,1
448,142,2.9,2,winter,1
296,152,3.1,5,autumn,1
200,65,2.4,12,winter,1
83,43,2.5,12,spring,1
200,3,2.2,5,winter,1
337,19,2.2,13,autumn,1
70,98,1.6,6,spring,1
263,107,3.8,3,spring,0
57,159,1.8,1,spring,1
225,0,4.1,13,summer,1
432,197,2.1,3,summer,1
316,112,4.6,6,spring,1
398,102,4.7,3,summer,0
272,98,1.4,7,summer,1
290,60,2.2,1,summer,1
222,83,3.2,5,autumn,1
294,53,1.7,4,autumn,0
444,179,3.8,5,spring,1
358,20,2.2,14,summer,1
139,190,3.1,2,spring,1
291,51,2.2,9,spring,1
499,155,3.1,2,winter,1
110,129,1.7,4,spring,1
140,71,3.1,12,winter,1
190,189,1.8,6,autumn,0
6,94,2.1,2,autumn,1
397,159,4.2,9,spring,1
69,80,4.0,11,summer,1
442,196,2.6,11,winter,1
326,18,3.2,9,spring,1
76,178,3.4,10,summer,1
125,53,2.9,3,spring,1
388,15,3.6,2,spring,0
129,194,4.6,1,summer,1
78,16,3.1,12,autumn,0
194,70,2.4,12,summer,1
455,161,3.4,3,autumn,0
409,192,3.9,9,autumn,1
419,178,2.9,5,spring,1
464,80,2.9,10,winter,0
353,96,2.9,2,winter,1
379,22,2.5,8,winter,0
459,2,2.2,12,autumn,1
120,88,4.4,10,summer,1
9,167,3.4,12,winter,1
61,111,1.7,4,spring,1
294,197,3.7,5,summer,0
196,35,2.8,7,summer,1
375,191,3.8,1,winter,1
352,138,4.6,11,autumn,1
191,147,2.3,7,spring,0
55,1,3.6,8,autumn,1
73,98,2.3,9,summer,1
483,46,5.0,1,autumn,0
132,196,4.1,7,summer,0
262,83,3.6,6,autumn,1
224,16,2.8,8,winter,1
258,45,3.3,4,autumn,1
261,0,2.6,8,winter,1
476,13,2.0,1,winter,0
230,94,4.2,9,spring,1
257,46,2.5,6,spring,0
212,98,4.7,2,summer,0
471,65,2.4,7,summer,1
39,117,3.5,10,summer,1
259,95,4.8,2,winter,0
123,52,4.1,13,autumn,1
352,83,4.1,10,summer,1
341,46,1.2,11,winter,1
406,1,1.6,12,winter,1
240,154,3.8,1,summer,1
3,96,2.2,1,spring,0
422,156,2.6,7,autumn,0
389,16,3.4,3,spring,1
154,156,2.6,10,summer,0
97,137,3.2,12,summer,0
477,111,4.5,9,summer,0
423,68,3.9,6,summer,0
308,87,3.0,13,spring,1
472,67,1.1,8,autumn,0
300,59,3.6,6,spring,0
373,15,5.0,5,spring,1
329,11,1.9,10,summer,0
46,67,2.6,7,autumn,1
272,32,1.7,11,autumn,1
302,131,5.0,4,summer,1
242,19,1.6,1,summer,0
408,121,2.3,14,winter,1
1,182,3.0,8,autumn,1
75,79,1.9,12,winter,0
231,164,3.2,5,spring,0
429,189,4.4,12,autumn,1
43,86,3.0,5,autumn,1
363,53,2.6,6,winter,1
438,85,2.2,10,winter,1
428,141,3.6,14,autumn,1
79,38,5.0,11,winter,0
62,9,1.9,2,summer,0
334,65,2.3,7,autumn,1
231,173,3.9,7,spring,0
74,111,5.0,8,winter,0
432,23,3.8,2,autumn,0
320,150,3.6,8,spring,1
18,49,3.9,6,summer,1
498,173,4.5,14,summer,0
119,76,3.8,11,autumn,1
373,121,4.5,7,summer,0
177,32,3.8,11,autumn,1
492,93,3.1,8,spring,1
169,14,3.9,2,spring,1
227,52,3.6,1,autumn,0
388,131,3.9,1,summer,0
222,151,2.3,14,summer,0
282,166,3.1,8,summer,1
23,83,2.2,6,spring,0
199,106,4.1,10,winter,1
280,96,2.8,13,spring,0
275,117,1.9,8,winter,1
36,120,4.6,14,autumn,1
450,52,3.6,4,autumn,1
190,41,4.9,7,summer,0
133,146,2.7,13,spring,0
35,6,3.4,11,winter,0
445,178,4.7,7,spring,1
174,80,3.1,12,summer,1
57,171,2.5,7,autumn,1
467,132,4.8,4,spring,1
356,106,4.0,4,winter,1
164,35,1.4,10,autumn,1
309,54,4.4,10,spring,1
246,178,4.4,13,winter,1
98,134,2.9,1,autumn,0
319,189,3.1,6,winter,1
358,83,4.0,2,spring,1
229,102,2.1,6,autumn,1
322,162,2.3,12,winter,1
183,117,1.7,3,summer,0
129,163,2.1,4,summer,0
313,168,3.9,7,winter,1
301,1,3.5,8,winter,0
406,17,4.1,9,summer,0
105,180,3.9,4,summer,0
253,31,2.9,6,autumn,1
57,113,2.8,1,autumn,0
429,124,2.8,5,spring,0
5,132,2.6,7,winter,1
232,149,3.6,3,winter,1
342,184,1.4,3,summer,1
423,180,2.1,12,autumn,0
460,109,4.2,7,autumn,1
426,35,2.4,13,winter,0
436,89,4.2,11,summer,1
275,22,3.1,13,spring,0
311,111,4.4,1,autumn,1
2,61,3.6,8,spring,1
239,4,3.5,2,autumn,1
44,100,3.8,6,summer,1
329,30,2.5,9,winter,0
112,67,1.4,6,spring,1
82,197,2.8,3,spring,1
402,158,1.8,11,summer,1
187,58,3.6,3,autumn,1
368,80,5.0,6,summer,0
382,6,4.4,14,spring,0
189,199,1.7,10,summer,0
213,125,4.6,11,spring,1
202,123,4.0,12,winter,1
394,88,3.4,6,summer,0
215,108,4.5,13,autumn,1
282,196,4.1,9,spring,1
473,181,1.9,10,spring,1
120,144,4.6,7,autumn,1
104,52,3.2,6,winter,0
474,168,5.0,3,summer,1
182,114,4.6,8,summer,0
432,156,2.0,7,winter,1
350,5,3.5,5,winter,0
98,39,3.3,3,autumn,1
458,96,4.7,3,spring,1
90,191,2.3,6,summer,0
242,167,4.0,14,spring,1
285,189,4.1,14,spring,0
22,53,4.0,12,autumn,1
193,144,4.6,6,winter,1
405,30,5.0,5,summer,0
217,81,3.5,14,autumn,0
252,180,4.3,3,winter,0
218,111,2.5,1,summer,1
278,125,2.9,3,spring,0
478,104,1.6,10,winter,0
313,162,2.2,2,spring,0
311,89,5.0,3,summer,1
264,124,4.6,8,spring,1
214,25,2.8,1,summer,1
273,20,3.6,12,summer,1
491,98,4.6,3,winter,0
62,29,2.6,3,spring,1
79,119,2.4,5,winter,1
226,17,1.9,14,summer,0
240,158,4.3,2,autumn,1
43,20,4.6,10,summer,1
444,87,4.1,3,summer,0
429,48,2.6,12,spring,0
259,32,5.0,5,summer,0
123,107,2.2,13,autumn,0
202,106,3.0,9,autumn,1
237,179,4.7,10,autumn,1
177,167,2.9,3,summer,1
437,155,2.2,2,summer,1
237,54,4.0,13,summer,1
70,73,5.0,14,autumn,1
431,115,2.9,8,spring,1
191,101,3.2,10,summer,1
228,105,3.8,7,winter,1
237,51,4.0,6,spring,0
364,168,5.0,6,spring,0
415,135,2.7,7,autumn,0
292,143,1.2,4,winter,1
355,115,1.9,14,summer,0
12,4,1.5,5,spring,1
324,110,3.2,11,spring,0
209,126,3.3,3,spring,1
89,113,2.8,8,autumn,0
331,89,2.8,2,spring,1
99,167,3.7,12,summer,1
346,72,4.9,12,summer,1
116,65,2.2,11,winter,1
146,160,3.3,5,summer,1
231,14,4.1,8,summer,1
469,143,3.8,14,autumn,1
431,192,4.0,1,spring,1
324,36,3.8,14,spring,1
271,44,4.7,14,autumn,1
72,19,3.5,14,winter,1
177,55,2.4,11,summer,1
303,45,3.3,7,summer,0
494,178,4.2,14,autumn,0
413,28,4.0,9,summer,1
165,28,2.2,8,summer,1
235,187,1.7,4,winter,0
257,10,2.8,8,summer,1
29,88,2.7,3,spring,1
248,126,4.5,9,spring,0
20,179,3.8,10,spring,0
212,56,1.9,14,winter,1
182,60,4.9,1,spring,1
493,123,3.3,1,winter,0
210,125,3.7,3,spring,1
360,70,2.4,14,autumn,1
104,104,2.1,6,autumn,0
79,86,3.9,4,spring,1
31,56,2.9,12,summer,0
286,98,4.6,2,autumn,1
223,32,3.6,10,summer,0
296,49,4.4,14,winter,0
254,16,1.8,13,spring,1
353,117,2.1,14,winter,0
487,64,3.6,13,spring,0
434,124,3.9,2,summer,1
100,70,2.6,11,spring,0
158,17,4.9,10,winter,1
41,33,4.4,11,summer,1
206,13,2.8,1,summer,1
216,155,1.9,9,winter,1
423,90,2.6,11,winter,1
189,31,3.6,10,summer,0
120,12,4.3,5,spring,1
227,110,3.1,5,autumn,1
129,121,5.0,12,summer,0
56,11,4.9,8,winter,0
101,111,3.3,3,summer,1
498,128,1.5,10,autumn,1
289,2,1.9,10,autumn,1
276,145,2.6,2,summer,0
203,39,3.4,10,summer,1
162,87,4.1,5,winter,0
109,180,4.2,12,summer,1
35,47,2.7,4,summer,1
160,41,4.2,11,winter,0
376,18,3.3,12,spring,0
93,131,4.0,10,summer,1
97,159,2.8,5,spring,1
314,114,1.9,14,winter,1
128,115,3.8,5,winter,0
219,49,3.9,11,autumn,1
79,8,4.8,3,summer,1
263,143,3.2,12,autumn,1
348,80,4.5,14,summer,1
23,25,4.2,13,summer,0
449,53,3.8,2,summer,1
138,176,2.1,13,winter,0
302,154,4.5,14,spring,1
429,98,1.6,4,winter,0
392,190,4.0,12,winter,0
101,35,1.4,2,spring,1
423,34,2.5,12,autumn,0
469,52,4.7,6,summer,0
44,164,3.1,8,summer,1
473,81,2.7,1,autumn,1
219,81,2.4,2,summer,1
3,75,4.3,14,spring,1
0,167,3.1,7,autumn,0
376,150,2.9,6,summer,0
341,42,2.1,4,winter,1
20,123,2.1,12,summer,1
310,79,3.1,2,summer,1
434,55,2.0,9,winter,0
113,97,3.1,3,spring,0
413,115,4.0,10,summer,1
319,133,5.0,4,autumn,0
17,68,4.3,5,winter,1
412,80,1.9,11,autumn,1
436,182,4.5,14,winter,1
52,124,4.0,14,summer,1
232,123,3.4,2,summer,1
261,74,4.7,13,spring,1
166,74,5.0,6,autumn,0
254,119,4.4,6,summer,0
50,16,3.6,8,summer,1
49,83,3.2,14,summer,1
287,50,2.2,14,winter,1
459,20,3.9,13,spring,0
275,105,5.0,13,spring,1
414,158,4.0,8,winter,1
213,108,3.1,2,autumn,1
297,176,4.6,7,winter,0
241,5,4.6,9,summer,1
268,87,1.7,7,autumn,1
495,69,1.8,4,summer,0
410,64,4.7,1,autumn,1
201,119,1.9,3,summer,1
402,148,2.1,1,spring,1
415,47,2.3,6,summer,1
440,196,2.5,4,autumn,1
61,13,4.8,4,summer,0
34,126,3.8,6,spring,0
222,69,2.1,13,summer,0
432,103,2.7,6,summer,0
24,23,3.9,8,winter,0
376,64,2.5,12,spring,1
133,155,1.7,7,autumn,1
102,124,4.5,11,winter,0
133,31,5.0,10,autumn,0
203,176,4.7,1,autumn,1
205,108,3.3,9,autumn,1
170,63,5.0,6,summer,0
91,171,2.1,12,autumn,0
214,118,2.1,4,winter,1
6,173,4.2,10,winter,1
496,127,1.5,14,winter,1
452,152,4.0,5,autumn,1
263,23,1.5,4,autumn,1
87,58,3.6,2,summer,0
232,103,3.5,12,autumn,1
278,183,3.7,7,spring,0
345,146,2.6,4,winter,1
335,177,4.4,3,autumn,1
275,158,4.2,12,summer,1
389,143,2.6,9,autumn,1
46,42,3.0,10,summer,0
266,144,3.5,8,summer,1
31,65,5.0,8,summer,0
383,28,2.4,7,winter,1
431,74,3.8,2,autumn,1
84,176,4.8,12,spring,0
336,67,3.1,2,winter,1
225,180,3.6,4,summer,1
216,41,1.9,8,summer,0
118,139,3.0,5,winter,1
367,6,4.4,10,summer,0
434,117,2.3,1,summer,1
99,47,3.9,4,winter,1
162,1,2.0,11,spring,1
321,123,4.0,7,summer,1
208,81,4.6,6,winter,1
106,48,4.2,13,summer,1
209,180,2.8,11,spring,0
462,32,2.0,7,spring,1
423,52,3.7,2,spring,1
238,142,2.8,12,spring,1
92,108,2.7,14,winter,0
422,66,4.0,13,autumn,1
353,35,1.5,14,winter,1
23,170,2.7,4,spring,0
446,93,3.4,1,spring,0
453,167,4.6,10,winter,0
354,142,2.7,10,summer,1
86,196,2.3,2,autumn,0
220,171,2.9,6,summer,1
339,194,2.7,13,autumn,1
211,130,4.3,11,summer,1
362,154,3.2,1,spring,0
174,103,3.6,4,spring,0
86,10,2.0,8,winter,0
290,190,4.6,4,winter,1
173,163,3.3,5,winter,1
140,121,2.4,4,autumn,0
382,72,3.9,5,winter,0
266,88,4.1,4,winter,1
109,124,5.0,8,winter,1
202,4,4.0,7,autumn,1
76,12,2.6,11,spring,0
272,136,2.7,6,winter,1
51,54,4.7,11,summer,1
159,1,4.2,3,spring,1
492,47,4.8,11,spring,1
300,148,2.3,3,winter,0
345,199,2.4,2,autumn,1
388,54,3.5,10,winter,1
437,124,4.0,14,autumn,0
308,8,3.1,7,autumn,1
28,79,2.3,3,winter,1
22,40,2.7,9,summer,1
36,144,3.2,7,winter,1
15,8,2.7,14,winter,1
66,116,1.7,1,autumn,1
121,183,3.5,7,winter,0
76,136,4.7,14,spring,0
306,189,2.7,5,autumn,1
46,81,2.7,13,summer,0
136,103,2.9,1,summer,0
371,61,3.6,12,winter,1
358,7,2.5,1,summer,1
412,28,2.6,4,summer,1
58,35,4.4,8,spring,0
256,46,5.0,14,autumn,0
193,82,4.2,9,summer,1
456,107,3.1,4,winter,1
287,151,2.0,2,spring,1
290,188,4.4,1,summer,1
114,32,2.0,4,autumn,0
222,142,3.0,8,winter,1
343,180,2.6,12,autumn,0
497,167,2.5,1,spring,1
274,70,1.7,1,winter,1
334,194,4.5,3,winter,0
5,77,4.0,12,autumn,1
84,35,1.9,7,spring,1
103,118,3.8,3,autumn,1
288,64,2.7,8,winter,1
483,8,3.3,10,spring,1
459,83,3.9,6,summer,0
401,29,4.3,4,winter,1
95,108,3.5,7,spring,1
218,32,4.0,11,winter,1
308,61,2.3,10,winter,1
312,118,3.9,3,spring,1
197,107,2.9,1,summer,0
44,114,3.4,2,autumn,1
16,65,2.9,8,summer,1
308,97,2.4,1,summer,1
413,99,3.2,12,autumn,1
420,191,4.1,5,spring,0
448,174,4.1,13,winter,0
175,93,1.9,8,spring,0
108,24,4.3,6,spring,0
275,82,2.3,8,summer,0
262,37,3.6,11,spring,1
13,66,4.5,7,winter,1
415,5,1.6,6,winter,1
151,97,4.6,10,winter,1
341,165,3.8,10,summer,0
221,196,3.0,1,winter,1
292,12,4.5,10,autumn,1
431,61,4.0,6,summer,1
253,90,1.0,4,spring,0
197,98,3.8,2,spring,0
7,199,1.2,12,autumn,0
307,19,3.1,7,winter,1
225,98,4.1,13,autumn,0
99,128,1.7,14,autumn,1
5,9,2.3,5,summer,0
398,11,2.2,2,autumn,1
309,62,1.8,2,winter,1
443,65,3.0,5,winter,1
385,167,2.8,6,summer,0
278,118,4.2,5,autumn,1
269,159,3.7,8,spring,1
21,160,2.9,10,winter,1
37,175,4.0,3,winter,1
9,65,2.8,1,summer,1
483,51,2.5,7,summer,1
423,7,4.9,14,summer,0
136,0,4.0,1,spring,1
489,71,3.3,10,autumn,1
473,145,2.8,7,spring,1
215,42,3.3,1,summer,0
460,58,2.5,6,summer,1
114,150,1.7,8,autumn,1
38,136,2.4,7,spring,1
243,108,4.1,5,winter,0
392,10,2.8,3,winter,1
253,164,4.0,5,summer,0
253,32,3.0,1,summer,1
394,152,2.4,8,autumn,1
367,109,4.2,3,spring,0
309,94,2.5,6,autumn,1
303,7,3.4,13,winter,1
388,1,2.9,5,winter,1
385,46,4.1,3,autumn,1
31,157,2.8,8,winter,1
427,178,5.0,11,winter,1
322,162,3.3,11,spring,1
34,48,3.2,14,spring,0
36,83,1.5,4,autumn,0
429,79,2.1,2,summer,0
210,94,4.1,10,spring,1
12,199,4.9,11,winter,0
9,155,4.4,9,summer,1
93,172,3.1,11,winter,0
208,27,3.5,2,summer,0
444,120,3.4,3,autumn,1
411,136,2.8,2,autumn,0
66,145,1.2,11,autumn,1
251,198,1.9,3,autumn,1
349,147,2.1,12,spring,1
84,123,2.2,10,winter,1
296,24,4.5,12,summer,0
490,95,2.1,8,autumn,1
280,137,2.7,8,winter,1
76,89,2.6,12,autumn,1
290,91,5.0,13,autumn,1
398,143,2.8,3,winter,0
109,39,2.2,1,winter,1
35,16,4.8,5,spring,0
384,117,2.0,5,spring,0
216,182,4.3,9,winter,1
46,82,2.5,7,summer,1
138,83,2.0,2,winter,0
153,180,4.0,5,autumn,0
329,150,5.0,14,summer,1
127,51,2.1,12,winter,0
236,155,3.2,13,autumn,1
255,123,2.3,5,autumn,1
152,47,4.5,3,autumn,1
180,1,5.0,8,spring,1
165,9,2.8,3,summer,1
16,28,2.9,12,spring,1
123,44,3.6,1,autumn,1
74,30,3.4,9,winter,1
447,13,2.4,10,summer,1
428,175,2.7,13,spring,1
301,194,4.0,5,winter,1
295,83,5.0,5,winter,0
194,143,2.1,9,spring,0
427,153,3.8,8,summer,1
218,33,3.6,1,spring,1
323,96,2.2,14,summer,1
149,137,2.4,10,summer,1
443,148,3.2,13,autumn,0
322,118,1.4,7,winter,1
391,144,2.6,11,autumn,1
237,51,3.9,1,winter,0
358,47,4.0,11,autumn,0
465,163,2.6,11,autumn,1
133,3,3.4,10,summer,0
296,65,2.6,6,summer,1
118,162,4.1,6,winter,1
324,130,5.0,6,winter,1
184,126,3.6,11,winter,1
74,178,5.0,14,summer,1
428,188,3.6,5,autumn,1
430,116,4.1,12,summer,1
133,105,5.0,10,autumn,1
246,27,4.7,10,winter,0
157,187,2.6,3,spring,1
429,20,2.5,8,spring,0
161,74,4.5,2,summer,1
83,175,3.5,6,spring,1
454,36,3.7,2,spring,0
146,30,2.1,8,summer,1
144,16,5.0,5,winter,0
329,134,4.3,3,summer,1
325,77,2.4,1,summer,1
275,124,3.1,14,winter,1
45,39,5.0,13,winter,1
320,0,4.8,11,spring,1
439,170,4.4,9,spring,1
85,34,2.2,1,summer,0
38,180,2.4,3,autumn,0
316,6,3.7,4,winter,1
58,78,2.8,11,winter,0
223,0,3.9,11,summer,1
212,86,2.6,13,winter,1
140,154,3.9,13,summer,1
476,53,2.2,1,winter,1
53,124,3.7,1,autumn,0
452,81,3.5,1,autumn,1
341,158,1.0,10,spring,1
269,179,4.4,14,winter,1
94,11,4.4,3,spring,1
347,174,2.8,3,spring,1
4,75,4.5,8,autumn,0
95,131,2.1,3,winter,0
402,67,1.4,5,summer,1
23,154,3.0,4,summer,1
312,150,3.7,13,spring,1
315,27,4.9,1,summer,0
199,137,5.0,4,winter,0
221,197,2.3,6,autumn,0
295,189,5.0,7,winter,1
413,39,3.3,1,summer,1
120,196,2.6,2,summer,0
15,101,3.3,6,winter,1
421,140,2.2,11,spring,1
463,134,4.0,6,summer,0
301,13,2.3,7,spring,1
85,165,3.1,10,autumn,1
499,128,1.7,10,winter,1
455,67,2.1,8,autumn,1
129,9,2.1,1,summer,0
76,130,3.5,8,summer,1
270,28,4.8,1,winter,1
433,163,4.7,1,summer,1
34,37,3.9,8,winter,1
26,100,2.4,7,autumn,1
482,158,2.1,7,summer,1
358,61,4.3,1,spring,1
135,44,2.5,11,winter,1
424,8,4.3,7,spring,0
400,106,5.0,13,winter,1
300,162,2.9,1,summer,1
272,121,4.5,5,summer,0
418,53,4.9,12,spring,1
54,28,2.6,9,winter,1
484,94,3.7,10,summer,1
294,167,3.8,7,autumn,1
235,158,2.3,13,summer,0
468,17,2.1,11,autumn,0
295,178,3.4,5,spring,0
10,30,3.8,2,summer,1
323,106,3.2,5,autumn,1
467,17,3.1,12,summer,1
134,37,3.4,6,spring,1
294,171,2.0,3,summer,1
76,129,4.2,14,summer,1
419,53,2.4,1,summer,1
258,81,2.7,4,summer,1
19,15,3.4,13,summer,1
262,168,3.8,4,autumn,1
387,135,2.3,1,autumn,1
439,153,3.9,10,winter,0
385,60,3.7,11,spring,1
251,161,3.1,14,autumn,0
70,46,3.1,12,winter,0
486,151,4.2,11,autumn,1
272,78,2.5,12,winter,0
384,162,2.9,7,spring,1
117,47,3.5,9,autumn,0
317,152,2.2,7,spring,1
452,165,4.2,6,summer,1
181,131,4.1,11,winter,1
240,33,1.9,11,spring,1
427,22,2.8,13,autumn,1
320,136,3.4,10,winter,1
186,168,2.6,9,winter,0
157,39,2.6,9,spring,1
242,98,4.1,6,winter,1
159,7,5.0,6,winter,1
154,45,4.1,1,summer,1
87,193,3.6,5,summer,0
56,88,4.0,12,spring,0
434,174,3.5,3,autumn,1
163,142,4.8,4,summer,1
409,184,3.5,7,summer,1
1,38,1.6,14,summer,1
132,28,3.2,14,winter,1
239,129,4.1,8,summer,1
312,70,3.7,10,summer,1
18,168,3.5,14,summer,1
115,116,4.7,8,summer,0
154,178,3.1,2,winter,1
403,178,4.6,6,winter,0
435,77,4.2,7,spring,1
63,151,4.7,3,summer,1
415,155,4.2,11,winter,1
155,156,2.7,9,summer,0
96,60,3.3,14,autumn,1
419,193,2.6,1,winter,0
296,153,4.3,4,summer,0
378,152,2.6,12,winter,1
213,195,3.7,12,summer,1
38,37,3.1,8,winter,1
283,111,2.4,11,winter,1
382,155,2.5,13,autumn,1
307,128,1.8,11,summer,1
466,139,2.1,9,summer,1
332,164,2.2,5,summer,0
379,10,2.8,3,autumn,1
106,49,5.0,6,spring,1
96,102,3.4,7,winter,1
184,182,2.0,9,spring,0
153,101,2.2,10,autumn,0
231,104,2.6,13,winter,1
292,17,2.4,4,spring,0
241,68,1.8,5,autumn,1
150,118,2.0,10,autumn,1
230,69,1.4,9,winter,1
335,35,4.3,7,autumn,1
475,159,3.0,13,autumn,1
36,122,1.4,12,winter,0
422,133,2.7,10,autumn,0
112,106,3.6,3,spring,0
65,193,2.5,4,spring,1
371,45,2.7,5,spring,1
317,68,4.2,4,summer,1
128,42,2.3,8,spring,1
73,138,2.7,10,summer,1
428,105,4.0,14,summer,1
208,133,3.4,9,winter,1
23,122,2.5,1,summer,1
404,117,2.4,3,autumn,1
294,165,3.3,5,winter,0
322,185,2.3,9,autumn,1
464,188,3.1,7,autumn,1
77,175,3.4,9,winter,1
217,98,4.3,3,summer,1
155,52,2.4,5,winter,1
486,192,2.5,13,autumn,1
310,52,5.0,6,spring,0
182,61,2.2,4,autumn,1
119,149,4.5,3,summer,1
9,177,2.5,1,spring,1
416,18,2.3,10,summer,1
361,79,3.1,14,summer,0
206,186,2.2,9,spring,0
163,184,2.7,13,spring,1
23,184,2.3,2,autumn,1
493,165,2.6,4,spring,0
151,20,3.0,4,winter,1
215,181,4.2,6,winter,0
293,6,2.9,7,summer,0
60,10,4.1,7,spring,1
167,150,2.4,13,spring,1
36,31,1.8,11,winter,1
132,98,1.7,7,autumn,1
4,35,1.9,1,summer,0
276,116,2.0,14,summer,0
153,2,3.7,1,spring,1
328,141,5.0,13,winter,1
196,176,2.2,3,summer,0
102,51,3.5,7,summer,0
11,30,5.0,6,spring,1
112,194,4.8,14,spring,1
362,170,3.1,2,summer,1
347,11,3.8,5,spring,0
295,118,1.6,11,summer,1
142,33,2.1,6,autumn,0
142,69,3.1,11,spring,1
323,121,4.8,7,winter,1
407,152,4.9,8,winter,1
326,140,4.5,3,spring,1
139,72,3.1,10,winter,1
78,136,3.9,12,winter,0
488,39,2.6,14,summer,1
474,151,1.9,8,winter,0
28,174,4.2,4,winter,0
268,158,3.6,12,autumn,1
197,37,4.1,13,autumn,0
194,52,4.1,9,autumn,1
78,149,4.2,3,winter,0
84,8,2.3,13,winter,1
152,100,2.7,5,spring,1
242,154,3.6,3,autumn,1
33,148,1.9,1,autumn,1
482,62,4.5,8,autumn,1
278,183,3.4,6,spring,1
6,37,4.3,5,autumn,0
357,191,2.5,11,winter,1
206,130,4.2,9,summer,0
216,35,4.0,5,spring,0
386,135,2.3,4,summer,1
390,190,2.8,11,spring,1
447,65,1.7,10,spring,1
158,108,2.2,13,autumn,1
428,26,2.9,12,spring,1
244,72,4.0,2,spring,0
287,123,3.4,7,summer,1
201,171,1.2,10,summer,1
12,63,4.6,12,winter,1
15,132,4.1,2,spring,1
39,110,4.7,8,summer,0
359,127,2.6,1,autumn,1
180,55,2.2,4,winter,0
250,16,4.1,7,winter,0
104,127,4.1,5,winter,1
436,53,3.5,1,summer,1
155,37,1.9,9,winter,0
295,164,2.1,8,autumn,0
371,95,2.1,4,winter,1
86,2,2.9,11,autumn,1
213,96,3.6,7,winter,1
120,130,1.7,10,spring,0
169,2,2.6,6,spring,1
321,13,2.7,4,autumn,1
158,25,2.8,9,spring,1
319,188,4.2,3,winter,1
378,166,3.6,12,spring,1
361,113,3.1,3,spring,0
22,16,3.4,14,summer,1
212,65,3.4,11,winter,0
179,162,3.9,9,summer,0
32,116,2.0,2,autumn,1
27,160,4.1,1,summer,0
412,156,4.3,9,summer,1
169,192,2.9,2,winter,1
146,194,2.2,5,winter,1
150,132,2.4,11,spring,1
344,175,1.4,14,winter,1
280,127,4.2,13,winter,1
365,178,4.1,6,spring,1
376,152,3.3,14,summer,1
451,136,2.5,9,autumn,0
318,117,3.9,13,winter,1
460,60,4.6,10,spring,1
77,179,4.1,7,spring,1
292,125,4.6,3,winter,1
410,121,1.7,12,summer,1
295,107,2.7,2,spring,0
63,181,2.4,9,summer,0
126,136,2.8,11,winter,1
107,96,3.4,1,summer,0
58,19,3.7,9,spring,1
493,187,2.8,2,spring,0
159,127,3.1,10,spring,1
360,121,3.2,14,summer,1
202,180,2.8,12,spring,0
123,58,1.9,6,summer,1
319,7,2.6,9,winter,1
245,51,1.3,14,winter,0
413,124,4.2,1,winter,1
190,96,4.4,4,winter,1
169,109,4.0,8,winter,1
288,49,3.0,5,spring,1
331,136,3.0,4,winter,1
99,50,2.0,7,spring,1
116,86,2.0,5,autumn,0
245,66,5.0,1,spring,0
144,8,5.0,3,winter,1
224,128,2.5,4,autumn,1
190,6,2.1,3,spring,0
59,196,3.1,6,spring,1
445,37,2.6,10,spring,0
160,28,3.1,7,summer,1
183,175,1.7,5,autumn,0
405,13,2.2,14,autumn,1
131,14,4.1,14,spring,1
234,104,1.0,8,autumn,1
196,136,2.8,1,summer,1
174,33,5.0,5,summer,1
186,110,4.8,13,winter,0
43,16,3.2,8,autumn,1
245,152,2.8,13,summer,1
85,173,4.1,3,summer,1
367,26,2.0,7,autumn,0
341,135,2.2,2,summer,1
128,21,1.8,3,winter,0
229,40,1.3,2,autumn,1
466,146,3.4,2,winter,1
486,107,5.0,14,winter,1
478,148,2.2,13,spring,1
278,177,2.6,5,autumn,1
32,88,2.5,2,autumn,0
441,67,4.9,9,summer,0
181,107,5.0,11,summer,1
31,135,4.3,12,winter,1
413,96,3.5,7,autumn,0
417,168,3.8,14,summer,0
192,192,1.7,12,autumn,1
381,54,2.9,5,summer,0
173,173,4.0,1,spring,0
262,156,1.6,6,winter,0
278,92,2.4,5,winter,0
424,60,3.8,10,spring,0
269,62,2.9,8,summer,1
253,77,4.2,10,summer,1
113,147,2.5,2,spring,1
345,57,2.3,5,winter,1
324,109,4.3,4,autumn,0
66,120,2.8,8,autumn,1
280,41,5.0,12,spring,0
69,70,3.7,2,winter,0
89,195,4.4,4,winter,1
488,39,2.3,11,winter,1
364,162,2.5,11,spring,1
448,87,4.2,12,summer,0
488,89,4.3,11,autumn,1
38,27,5.0,11,summer,1
290,67,1.9,7,winter,0
398,67,3.4,6,spring,1
100,125,4.2,6,spring,1
162,98,1.8,11,autumn,1
25,9,3.6,1,autumn,0
169,77,4.6,10,spring,1
4,169,3.8,10,summer,1
92,185,1.7,2,winter,1
29,82,4.9,14,autumn,1
376,116,3.8,6,winter,0
73,90,1.8,4,summer,1
354,102,2.7,2,autumn,0
477,2,4.3,5,summer,1
423,183,3.6,7,winter,1
336,59,5.0,8,spring,0
24,56,2.0,6,summer,1
273,180,4.5,9,winter,0
337,132,2.8,11,spring,0
129,9,1.7,11,winter,1
11,98,1.8,8,spring,0
142,101,2.6,12,winter,1
461,99,3.0,9,winter,0
460,154,3.1,3,summer,1
20,190,2.3,12,autumn,1
334,119,3.8,8,spring,1
338,82,3.9,10,spring,1
338,190,3.7,5,winter,1
234,106,3.1,7,autumn,0
337,127,1.9,13,summer,0
54,86,3.2,11,summer,1
294,190,3.1,14,autumn,0
337,48,4.5,6,spring,1
370,63,3.5,4,spring,1
249,75,4.6,14,spring,1
197,89,2.7,11,winter,0
169,106,2.6,14,autumn,1
102,54,3.7,12,autumn,1
1,161,3.3,7,spring,1
471,120,4.2,6,spring,0
196,144,1.3,5,winter,1
174,168,5.0,5,winter,0
412,158,2.6,10,summer,0
145,13,2.6,7,spring,1
452,191,3.1,8,winter,1
385,46,4.4,7,summer,1
188,44,4.7,6,autumn,0
338,13,4.4,8,autumn,1
15,116,3.9,3,autumn,0
260,56,3.0,3,summer,0
206,56,3.3,9,spring,1
152,194,2.7,14,autumn,1
142,195,2.4,2,summer,1
314,64,4.6,11,autumn,1
353,54,4.8,5,spring,0
202,171,2.4,2,autumn,1
408,69,3.3,3,autumn,1
488,75,3.3,1,autumn,0
366,17,1.8,11,summer,1
432,67,1.3,8,summer,1
441,43,3.0,5,winter,0
80,85,3.5,10,spring,0
5,16,4.8,10,spring,1
129,97,2.1,8,autumn,0
290,185,2.2,14,summer,1
480,151,2.1,10,autumn,1
218,114,3.2,8,summer,1
122,33,3.9,13,spring,1
173,180,4.5,4,autumn,1
445,192,1.5,7,winter,0
494,112,2.7,11,summer,0
118,99,3.2,6,spring,1
377,71,2.8,8,winter,1
255,63,4.5,9,spring,1
127,112,2.2,9,autumn,1
267,163,3.4,14,winter,1
416,79,3.4,2,autumn,0
53,90,2.1,13,summer,1
371,40,4.2,10,autumn,0
447,7,3.2,7,spring,1
448,41,3.7,1,winter,1
490,101,4.8,1,winter,0
225,66,3.2,4,autumn,1
112,125,4.2,6,winter,1
215,151,2.8,1,summer,1
43,65,2.6,6,spring,1
55,19,2.4,14,summer,0
310,18,4.8,14,spring,1
456,55,3.2,12,winter,0
488,113,2.6,14,summer,1
59,52,2.8,2,spring,0
28,193,3.9,10,spring,1
346,144,3.5,5,winter,1
137,183,2.6,11,spring,1
469,154,5.0,5,autumn,1
441,152,4.7,1,summer,1
349,176,2.9,9,winter,1
87,33,2.7,4,spring,0
78,108,4.5,4,summer,1
218,70,4.5,3,winter,0
58,38,4.6,7,winter,1
474,152,1.9,3,spring,1
307,195,4.1,10,winter,1
303,6,3.1,9,winter,0
433,1,4.3,1,summer,1
291,153,1.5,8,autumn,0
161,110,2.9,5,winter,1
76,107,2.7,8,summer,1
92,16,4.3,4,winter,1
431,195,3.7,7,winter,1
328,133,3.6,14,winter,1
147,102,2.1,9,autumn,0
330,58,2.9,3,autumn,0
404,178,2.9,7,spring,1
123,132,4.4,10,autumn,0
401,6,2.8,7,spring,0
416,80,3.9,5,autumn,1
84,185,3.6,5,spring,1
208,135,2.4,5,autumn,0
153,16,4.0,4,winter,1
144,94,4.6,5,summer,0
471,106,1.9,9,summer,1
445,129,2.7,13,autumn,0
8,30,2.8,9,autumn,1
325,42,3.4,3,autumn,0
201,178,3.7,12,autumn,1
370,137,2.4,7,spring,1
158,116,1.8,6,summer,1
341,115,2.6,14,spring,0
135,170,3.0,1,winter,1
276,70,2.9,5,spring,0
396,168,4.4,14,winter,1
493,124,2.1,3,autumn,0
98,28,4.2,11,winter,1
221,3,2.4,3,spring,1
107,109,4.4,2,spring,1
73,38,1.4,12,autumn,0
286,71,2.3,8,summer,1
74,157,3.6,4,summer,1
8,152,2.0,3,spring,1
360,42,4.0,8,autumn,0
478,173,2.4,10,spring,1
243,186,2.4,1,spring,1
89,62,1.8,3,summer,0
145,78,3.3,11,spring,1
478,67,2.1,14,winter,1
197,87,3.4,14,summer,1
428,132,4.2,4,winter,1
212,2,2.1,1,spring,1
337,70,2.2,12,autumn,1
2,79,2.9,12,autumn,0
147,103,5.0,2,spring,1
272,23,2.3,12,summer,0
168,33,3.7,11,spring,1
367,110,2.8,6,spring,1
120,58,2.7,1,autumn,0
369,76,2.5,4,spring,1
378,17,1.5,3,summer,1
4,195,4.7,8,winter,1
365,114,2.8,4,winter,0
282,166,3.2,1,winter,1
438,0,4.0,3,spring,0
350,154,3.3,11,winter,0
454,47,4.8,10,autumn,1
423,168,2.9,8,summer,0
336,152,3.0,1,spring,1
285,59,2.4,2,summer,0
159,157,1.8,10,spring,1
253,112,3.6,5,summer,0
70,185,2.3,5,spring,0
67,4,5.0,7,winter,0
201,196,3.2,11,summer,1
343,17,3.5,14,spring,1
292,154,3.1,12,spring,0
451,101,2.7,12,winter,1
54,153,2.1,10,autumn,0
401,8,1.8,5,winter,1
368,179,4.3,1,autumn,1
388,124,3.7,1,autumn,0
134,142,4.0,3,autumn,0
45,13,4.6,1,summer,1
375,189,5.0,13,summer,1
407,163,2.8,14,summer,0
16,65,3.6,13,winter,0
146,42,4.3,3,spring,1
243,20,4.0,11,summer,1
95,194,4.5,10,winter,1
146,10,3.2,9,winter,1
166,92,1.9,12,autumn,1
275,95,3.6,12,summer,1
211,55,2.2,10,spring,1
401,12,2.0,11,winter,0
403,110,4.9,8,summer,1
35,109,2.8,4,winter,1
112,10,5.0,6,winter,0
474,107,3.3,14,spring,1
180,29,4.8,2,winter,1
459,145,3.8,14,spring,1
336,95,4.0,11,spring,0
391,44,2.4,5,winter,1
290,39,2.3,1,summer,1
248,176,3.1,4,autumn,1
445,170,5.0,5,winter,1
163,53,2.5,7,winter,1
86,1,4.5,9,winter,0
132,69,2.5,4,spring,1
11,156,4.4,12,summer,1
432,176,4.1,1,winter,0
370,95,4.3,10,winter,1
382,32,2.8,5,summer,0
316,191,3.7,8,winter,1
490,62,3.9,6,spring,1
249,59,2.1,8,winter,0
417,37,3.1,5,spring,1
255,26,1.9,1,summer,0
395,138,3.1,6,autumn,1
296,139,1.8,11,autumn,1
168,40,2.0,13,summer,1
232,10,4.2,5,autumn,0
75,134,3.8,3,summer,0
390,151,2.4,4,spring,0
125,156,3.4,3,winter,1
192,132,2.3,6,summer,1
55,152,3.6,1,spring,1
21,163,2.7,3,winter,0
131,33,5.0,9,winter,1
292,100,2.6,4,autumn,1
409,78,2.6,3,summer,1
106,171,1.7,11,spring,1
207,35,2.0,7,winter,1
433,4,3.1,8,summer,1
374,44,3.0,4,summer,0
51,51,3.4,8,summer,0
102,197,3.6,11,summer,1
372,59,2.0,12,spring,0
31,138,4.2,8,autumn,1
332,75,2.5,11,autumn,1
437,171,1.7,12,spring,1
132,109,5.0,8,summer,0
427,151,4.4,14,winter,1
46,86,1.9,7,winter,1
270,173,2.4,5,autumn,1
176,108,4.5,12,winter,1
396,16,4.2,2,autumn,0
82,189,2.5,6,summer,1
199,134,1.8,4,summer,1
12,46,2.9,11,winter,1
393,158,4.1,8,winter,1
168,143,2.6,14,winter,1
379,23,4.7,1,summer,1
80,142,2.7,13,winter,1
183,96,2.2,12,spring,1
464,197,4.8,11,autumn,0
101,166,4.1,8,spring,0
327,193,2.7,3,spring,0
256,97,3.5,11,winter,1
18,45,3.1,3,autumn,1
85,107,2.8,9,summer,0
9,188,1.6,10,summer,1
32,47,3.4,1,spring,0
356,11,2.6,13,winter,1
97,12,3.8,12,spring,1
348,1,3.6,14,winter,1
39,77,3.2,12,winter,1
73,86,2.2,3,winter,1
223,70,3.3,9,summer,0
325,154,4.4,6,summer,1
317,17,2.1,4,winter,0
64,27,3.1,10,summer,0
257,50,4.2,11,summer,0
450,23,3.9,10,winter,1
379,86,2.5,1,spring,1
98,107,4.2,4,autumn,1
32,56,3.0,9,autumn,1
138,197,2.1,11,autumn,1
50,115,1.5,11,summer,1
424,102,3.6,10,autumn,1
327,122,1.8,4,autumn,1
443,42,1.7,1,winter,1
168,15,4.0,3,winter,1
274,64,4.3,3,summer,1
147,157,4.3,6,spring,0
364,185,2.5,5,winter,1
47,42,2.7,4,spring,1
413,65,3.0,1,autumn,1
486,21,5.0,14,summer,1
252,61,4.9,14,winter,0
210,128,2.6,8,summer,1
65,158,4.3,14,spring,0
320,24,4.5,10,autumn,1
217,66,3.9,4,summer,0
362,174,2.3,7,autumn,0
230,61,4.5,6,winter,0
184,102,2.4,12,summer,0
336,90,2.4,9,autumn,1
355,40,2.1,9,winter,0
471,64,2.2,7,spring,1
18,51,4.6,11,winter,0
217,25,4.4,12,autumn,0
474,8,4.0,13,autumn,0
60,189,4.7,6,spring,0
172,84,3.6,5,summer,0
200,2,2.6,10,autumn,1
211,131,3.5,2,autumn,0
156,66,4.3,8,summer,1
229,16,3.9,14,autumn,0
114,68,2.3,11,spring,1
219,177,2.3,12,summer,1
28,13,1.5,1,winter,0
125,77,5.0,11,spring,0
53,17,2.1,7,summer,1
362,81,3.2,11,autumn,1
8,100,1.9,10,spring,1
61,2,2.7,2,spring,1
310,70,2.2,7,spring,1
16,48,2.7,6,winter,0
364,63,3.7,5,spring,1
36,133,2.2,10,summer,1
81,142,2.8,3,spring,1
445,106,4.4,4,autumn,0
197,192,4.4,10,autumn,1
126,47,4.5,5,summer,0
268,173,3.6,1,summer,1
317,190,1.8,13,spring,0
65,71,3.7,8,spring,1
116,106,2.4,3,winter,0
230,133,3.4,11,autumn,1
391,165,2.9,4,winter,1
204,30,3.6,8,winter,1
255,64,2.6,4,summer,1
370,135,2.3,9,autumn,1
384,31,4.2,9,winter,1
391,86,2.3,8,winter,1
198,128,2.2,4,winter,1
79,56,2.5,3,spring,1
390,25,5.0,5,winter,0
74,114,2.1,1,winter,0
450,188,2.3,14,autumn,0
277,9,4.5,10,spring,1
372,44,3.4,8,autumn,1
447,164,1.9,10,winter,0
11,59,1.9,2,autumn,0
58,122,4.4,14,spring,1
235,64,1.5,9,summer,0
11,2,3.4,9,autumn,1
389,85,3.4,7,winter,1
475,72,2.9,14,winter,1
338,118,4.8,6,summer,0
206,199,3.4,10,winter,0
238,130,2.7,6,winter,1
28,25,1.7,6,spring,1
494,137,4.3,10,autumn,0
420,60,1.9,5,summer,1
390,64,2.3,5,winter,1
438,157,2.6,9,autumn,1
25,137,4.3,14,autumn,1
427,9,1.8,6,spring,0
364,193,2.5,6,summer,0
101,67,2.8,12,winter,0
191,24,1.8,12,spring,0
152,198,2.8,10,autumn,1
143,27,3.4,6,summer,1
229,156,4.0,8,spring,1
117,85,2.4,2,autumn,1
398,67,3.3,7,autumn,0
155,30,1.8,6,summer,0
199,52,3.7,6,summer,1
363,107,3.8,14,summer,1
366,165,3.9,8,summer,1
197,167,4.5,10,winter,1
394,133,2.3,14,autumn,1
51,172,2.0,2,summer,1
369,35,3.0,8,spring,1
259,26,2.6,1,spring,1
107,168,4.3,12,summer,0
119,25,3.2,9,spring,0
186,114,2.8,1,autumn,1
142,138,2.9,13,autumn,0
25,17,4.8,3,summer,0
255,4,2.4,11,summer,1
81,147,4.3,11,winter,1
254,162,3.9,12,autumn,1
244,67,1.7,1,summer,0
183,26,3.8,5,autumn,1
329,53,4.8,1,spring,1
61,188,2.0,8,spring,1
77,139,1.9,6,winter,0
459,144,3.8,1,summer,0
154,110,3.2,5,spring,1
320,153,3.7,13,winter,1
146,165,4.9,6,autumn,1
424,0,3.5,9,spring,0
144,68,2.9,5,summer,0
128,151,2.9,5,spring,1
123,106,2.0,11,autumn,1
478,12,4.5,4,winter,1
6,58,2.6,7,winter,1
195,90,1.8,9,autumn,1
437,157,4.7,9,winter,1
406,136,2.3,11,summer,1
250,93,2.3,14,spring,0
316,38,2.6,4,winter,1
72,93,2.5,2,autumn,0
451,9,3.3,6,spring,1
279,57,2.6,4,summer,1
67,85,4.5,1,winter,1
268,178,2.9,12,summer,1
10,142,3.4,8,autumn,1
116,64,2.7,2,winter,1
373,77,5.0,7,spring,0
337,9,2.1,2,autumn,0
39,132,2.7,3,spring,0
342,52,3.4,5,summer,1
368,143,1.1,14,autumn,1
345,58,2.9,13,spring,0
40,13,1.8,9,spring,0
384,100,3.7,8,winter,1
43,104,2.9,11,summer,0
106,138,2.9,5,autumn,1
257,103,4.4,12,winter,1
306,75,2.5,14,summer,1
377,159,3.3,3,spring,1
83,67,4.3,4,autumn,1
438,172,3.5,6,summer,0
174,139,2.9,10,summer,0
263,36,2.3,5,autumn,0
221,163,3.2,6,spring,1
434,4,2.5,10,spring,0
34,152,2.1,4,spring,0
222,27,2.4,9,spring,1
286,181,4.6,11,autumn,1
209,103,5.0,8,summer,1
289,91,2.1,4,spring,1
298,8,2.8,5,spring,0
417,194,3.6,11,summer,0
450,120,4.9,10,autumn,0
298,117,1.9,8,summer,0
300,77,5.0,4,spring,0
275,19,1.9,7,winter,1
268,173,4.3,8,summer,1
376,109,3.6,11,winter,0
237,186,2.0,2,autumn,1
438,3,3.1,2,winter,0
216,31,2.9,6,winter,0
386,9,4.8,8,summer,1
8,9,3.4,3,summer,1
447,149,4.8,7,autumn,1
328,150,2.0,9,summer,1
256,35,2.7,12,spring,0
389,111,3.5,13,winter,0
124,184,2.3,3,autumn,1
43,43,2.0,8,winter,0
412,21,1.8,1,autumn,0
425,48,3.6,10,summer,1
262,184,4.0,14,spring,1
483,162,4.9,4,summer,1
474,42,2.1,5,spring,1
254,90,2.8,11,winter,1
163,63,3.6,14,autumn,1
490,77,3.2,2,autumn,1
151,123,4.5,7,summer,0
365,112,3.7,13,autumn,1
419,153,3.7,7,spring,1
197,167,4.6,13,autumn,1
449,45,4.0,3,spring,1
172,99,4.0,1,spring,1
95,151,2.0,2,summer,0
189,102,2.6,7,spring,0
482,102,1.9,12,winter,0
240,176,1.1,1,summer,0
234,44,3.2,7,autumn,0
51,89,2.9,8,spring,1
450,47,1.2,2,spring,1
84,104,2.2,14,winter,1
188,163,2.5,12,summer,1
110,5,3.1,5,summer,1
427,69,3.9,2,winter,1
114,85,3.6,14,summer,0
311,29,2.4,6,spring,1
246,147,4.0,9,spring,0
223,39,3.1,6,summer,1
202,28,3.6,12,summer,0
23,179,2.2,10,autumn,1
17,70,4.6,2,winter,1
365,25,4.3,3,spring,1
99,99,2.9,6,spring,1
370,88,2.2,6,winter,1
374,108,3.6,14,autumn,0
253,133,2.9,13,spring,1
224,40,2.5,2,summer,1
73,149,2.5,9,spring,1
124,175,2.7,3,summer,0
15,99,2.3,10,autumn,1
215,1,4.1,8,summer,1
26,40,3.3,3,summer,1
102,4,4.1,1,spring,1
345,169,4.9,6,spring,1
28,133,3.4,3,autumn,0
245,77,1.7,6,spring,0
430,155,5.0,6,autumn,0
67,3,4.5,10,winter,0
391,142,2.1,3,autumn,1
100,174,3.8,12,autumn,1
50,53,2.0,12,summer,0
89,46,1.9,10,autumn,1
153,51,3.5,3,autumn,1
364,25,1.6,3,summer,1
283,82,3.6,8,autumn,1
373,195,5.0,13,winter,0
164,31,3.4,4,spring,1
162,139,2.2,2,winter,0
453,180,3.1,7,spring,0
55,46,4.6,12,summer,1
152,167,2.5,5,winter,1
114,97,2.0,2,spring,0
271,117,4.8,12,autumn,0
306,50,2.9,13,autumn,1
417,77,2.9,8,autumn,0
201,164,3.3,7,winter,0
63,161,3.4,14,spring,0
284,174,4.0,10,spring,1
424,13,3.5,3,summer,0
270,94,4.7,7,autumn,1
489,83,3.5,1,summer,0
245,124,2.6,3,autumn,1
102,21,2.5,3,autumn,0
217,29,4.1,4,spring,0
133,136,1.9,5,spring,1
278,59,2.8,3,autumn,1
80,54,4.7,10,autumn,1
428,96,2.4,1,spring,1
81,31,5.0,11,summer,1
294,86,1.4,9,autumn,1
487,148,3.6,6,autumn,1
346,159,4.8,14,autumn,1
55,156,2.9,12,spring,1
69,94,3.4,1,spring,1
99,67,2.6,3,autumn,1
72,100,1.7,3,winter,1
111,9,4.6,10,autumn,1
99,145,1.9,6,spring,0
212,182,3.5,5,autumn,0
396,11,4.5,1,winter,0
474,32,2.6,2,winter,1
77,0,2.8,13,spring,1
378,44,2.9,4,summer,1
358,162,2.8,2,autumn,0
304,31,3.9,9,autumn,0
468,170,2.5,12,spring,0
247,78,2.9,1,summer,0
250,129,3.2,3,autumn,0
262,197,2.3,8,summer,1
29,165,4.2,3,summer,1
291,119,3.4,2,autumn,1
423,94,3.2,14,autumn,1
29,94,4.7,11,spring,1
319,20,2.9,13,spring,0
188,6,2.7,7,autumn,0
213,164,2.6,9,summer,0
70,49,3.7,11,winter,1
283,105,5.0,10,winter,1
186,171,3.3,3,winter,1
468,60,4.4,3,winter,1
333,142,2.9,14,spring,1
239,8,3.4,11,winter,1
219,176,4.3,9,summer,1
57,28,3.4,3,autumn,1
383,19,2.7,1,spring,1
263,152,4.6,5,autumn,0
450,70,4.6,4,summer,1
165,57,3.8,8,summer,1
210,156,4.2,9,spring,0
340,49,4.4,8,autumn,0
64,53,4.9,12,autumn,1
303,79,2.2,13,winter,1
109,179,4.7,9,spring,1
474,34,2.8,11,autumn,1
199,19,5.0,6,autumn,1
342,2,1.7,11,autumn,0
245,147,2.6,2,autumn,1
65,63,4.1,9,summer,1
439,62,2.5,2,winter,0
325,58,4.5,7,winter,1
388,134,3.3,2,winter,1
421,194,2.0,1,autumn,1
27,67,2.5,7,winter,0
102,23,4.7,7,summer,1
348,112,3.4,4,winter,0
18,49,4.5,3,autumn,1
146,174,2.9,11,winter,1
295,133,2.7,11,spring,1
354,46,1.4,4,autumn,0
266,199,4.3,9,autumn,1
118,41,3.3,12,winter,0
69,158,3.3,7,spring,1
328,191,4.3,1,winter,1
18,185,4.7,6,autumn,0
354,22,3.9,5,winter,1
458,87,1.9,2,winter,0
471,77,4.3,5,autumn,1
182,46,4.2,11,spring,1
115,70,4.7,12,spring,0
432,130,4.2,7,winter,1
134,127,1.7,2,summer,1
339,84,2.3,10,spring,1
484,100,2.5,9,summer,1
325,108,2.9,2,autumn,1
422,56,3.6,12,winter,1
329,192,4.4,14,winter,0
319,23,1.5,1,summer,0
390,158,3.9,4,summer,1
197,123,3.3,4,summer,1
406,64,3.7,2,spring,1
354,102,2.4,12,summer,1
34,24,3.3,1,autumn,0
257,66,1.6,6,summer,1
158,146,3.8,13,summer,1
234,109,5.0,12,autumn,0
410,44,4.2,2,spring,1
302,18,4.7,3,summer,0
218,98,4.0,10,winter,0
96,118,3.6,3,autumn,1
181,188,3.1,7,autumn,1
496,108,2.6,6,winter,0
68,116,3.5,12,summer,0
77,188,3.4,6,winter,0
182,196,2.0,7,summer,1
451,165,3.8,8,summer,1
463,0,3.7,9,winter,1
397,116,4.2,6,summer,0
87,175,3.7,13,summer,0
331,19,1.9,13,winter,1
38,35,5.0,1,winter,0
353,0,1.6,14,winter,1
359,91,4.9,6,winter,1
150,160,4.0,10,autumn,1
168,168,4.6,14,autumn,0
270,146,4.4,10,autumn,1
291,107,3.4,7,summer,0
30,1,4.5,14,summer,1
431,119,3.5,4,autumn,1
78,79,5.0,11,autumn,1
13,88,3.2,5,spring,0
55,117,3.6,10,spring,0
438,198,2.9,8,autumn,1
236,93,2.7,11,winter,0
345,26,3.0,10,winter,1
91,129,4.4,5,summer,1
130,125,3.6,5,spring,1
269,173,4.6,5,autumn,1
263,24,4.9,13,autumn,1
98,60,2.2,6,summer,1
158,107,4.6,8,summer,1
428,188,4.3,14,spring,1
383,169,3.8,2,spring,1
229,101,2.2,13,autumn,1
268,162,3.7,9,winter,1
367,185,5.0,12,summer,0
380,81,3.1,4,autumn,1
152,57,3.9,11,autumn,0
219,31,4.9,3,winter,0
459,188,4.1,13,spring,0
223,129,3.6,13,autumn,1
143,198,2.3,14,autumn,0
359,47,3.8,4,winter,0
189,193,5.0,11,winter,0
254,153,4.0,14,summer,1
9,9,4.7,6,spring,1
270,30,3.3,2,winter,0
77,83,4.1,5,winter,1
51,30,4.4,14,spring,0
222,76,4.2,2,autumn,1
341,197,2.9,9,winter,1
300,36,4.2,9,autumn,1
144,119,2.2,5,winter,0
267,152,3.5,3,autumn,1
355,181,2.9,6,winter,1
477,138,4.4,2,summer,0
303,188,3.2,6,winter,0
379,99,2.8,6,summer,1
221,153,4.3,3,spring,1
264,118,2.9,13,spring,0
358,158,1.8,1,autumn,0
186,79,3.3,3,summer,1
353,114,2.0,8,winter,1
194,23,2.3,2,winter,1
36,140,2.6,9,summer,1
432,70,4.5,5,autumn,1
487,135,3.9,7,winter,0
315,78,3.2,5,winter,0
462,117,1.0,12,spring,0
367,50,2.6,1,winter,1
93,66,2.5,2,winter,0
140,108,4.9,6,autumn,1
229,133,3.1,12,winter,1
34,116,4.2,10,summer,0
446,119,4.1,3,winter,0
98,34,5.0,11,spring,0
444,145,4.0,3,summer,1
297,20,2.9,9,spring,1
142,154,3.1,3,autumn,0
469,110,5.0,12,autumn,0
449,161,4.5,10,autumn,1
100,24,3.2,10,summer,1
456,9,3.5,4,autumn,0
366,91,3.7,11,autumn,1
426,73,3.1,1,spring,1
415,173,4.0,5,summer,1
358,192,1.7,11,summer,1
205,47,3.4,1,spring,1
45,67,3.2,1,summer,1
36,158,3.6,12,summer,1
50,93,2.8,4,autumn,1
423,146,3.1,12,summer,0
174,189,4.8,12,winter,0
96,166,4.0,14,autumn,1
219,154,2.3,1,autumn,1
170,175,2.2,2,winter,0
387,78,2.3,11,autumn,0
214,146,2.7,1,autumn,1
89,64,1.6,13,autumn,1
311,23,1.9,8,autumn,0
39,92,4.2,4,winter,1
273,121,3.5,6,winter,1
177,119,3.2,7,summer,1
221,94,2.2,9,autumn,1
358,34,2.3,1,spring,1
260,23,2.2,9,winter,1
171,0,4.3,7,summer,1
57,144,5.0,13,spring,1
214,89,3.5,2,autumn,1
481,177,2.9,1,summer,1
204,38,4.1,6,autumn,1
15,43,4.3,11,spring,1
126,60,2.1,6,summer,1
272,132,2.9,14,summer,1
338,186,2.3,11,summer,1
228,129,2.3,14,autumn,0
475,118,4.3,11,winter,1
199,41,1.9,8,autumn,0
482,9,2.3,13,winter,1
431,53,3.5,10,autumn,0
52,70,4.0,9,summer,0
206,78,2.6,1,summer,1
28,170,4.0,12,autumn,0
475,91,3.8,5,autumn,0
472,137,3.6,14,winter,0
389,113,3.4,4,summer,1
489,135,4.7,11,spring,1
341,141,5.0,11,spring,1
300,69,2.4,10,winter,1
238,128,1.7,2,spring,1
465,4,3.6,5,autumn,1
179,173,4.6,7,spring,0
349,138,2.5,1,winter,1
431,74,4.3,3,summer,1
469,112,2.6,3,winter,1
354,96,2.8,9,winter,1
409,98,4.2,10,summer,1
69,192,2.9,12,winter,1
291,72,3.6,5,summer,1
98,18,4.3,10,winter,1
92,62,4.7,7,summer,0
478,86,2.2,9,winter,1
53,56,3.5,8,autumn,1
405,115,1.6,3,spring,0
155,52,2.0,13,summer,1
202,1,5.0,5,spring,1
84,53,2.8,14,autumn,1
11,166,4.6,5,spring,1
444,38,2.1,13,spring,0
393,156,3.1,5,winter,1
492,197,2.8,11,autumn,0
426,28,1.8,9,autumn,1
430,51,2.6,10,summer,1
208,179,4.4,9,winter,1
384,55,2.1,8,winter,0
279,5,3.4,4,spring,1
247,58,4.5,5,winter,1
132,26,4.1,10,spring,0
435,108,1.9,13,winter,1
392,141,3.6,3,spring,1
83,108,2.3,11,autumn,1
294,41,2.5,2,winter,0
299,180,3.9,1,autumn,0
272,27,3.1,2,autumn,1
194,67,1.9,2,winter,1
422,118,4.3,9,autumn,1
270,34,4.9,1,winter,1
245,109,2.2,3,summer,1
69,65,2.5,3,spring,1
349,70,3.9,7,autumn,1
472,121,4.3,2,autumn,1
342,17,2.8,13,autumn,0
72,53,5.0,7,summer,0
123,19,1.0,8,winter,1
43,183,2.9,12,spring,0
96,12,4.6,6,winter,1
470,182,2.3,8,autumn,1
431,73,3.3,10,summer,0
485,30,3.7,5,spring,1
408,174,1.8,10,autumn,1
131,78,3.7,10,autumn,0
99,155,2.4,13,winter,1
330,115,2.6,12,summer,1
69,32,3.1,14,winter,0
485,122,2.2,11,winter,1
305,52,4.2,8,summer,1
207,118,4.5,7,spring,0
178,134,1.9,5,winter,1
10,12,4.2,7,spring,0
497,115,5.0,2,summer,1
311,169,3.4,8,winter,1
3,109,4.7,8,autumn,1
120,124,4.2,7,winter,1
120,111,3.2,13,winter,1
278,160,3.9,9,summer,1
174,116,2.6,1,autumn,1
304,88,4.5,10,summer,1
30,66,4.6,4,summer,1
451,92,2.6,7,winter,1
369,89,2.5,7,autumn,1
320,151,2.5,13,spring,1
240,102,5.0,13,spring,1
498,96,3.2,1,autumn,1
81,102,2.2,14,winter,1
224,191,3.9,2,winter,0
80,164,2.9,5,winter,1
469,75,3.8,6,autumn,1
307,63,4.5,13,summer,1
477,88,3.4,5,summer,1
44,198,1.1,8,spring,0
123,157,3.1,4,winter,0
206,129,3.5,4,spring,1
30,88,2.3,5,winter,1
388,7,3.0,11,spring,1
143,52,3.0,14,spring,1
463,131,3.7,2,spring,1
129,95,1.9,10,spring,0
83,191,4.5,1,summer,1
51,76,5.0,4,spring,0
226,150,2.3,8,autumn,1
130,130,3.6,5,autumn,1
137,97,2.9,4,spring,0
402,45,1.4,10,summer,0
153,153,4.8,14,winter,1
288,125,2.2,7,winter,0
140,99,2.1,14,autumn,1
254,60,3.7,5,winter,1
84,99,3.6,2,autumn,1
198,61,3.6,14,autumn,0
328,119,2.9,4,spring,1
238,135,3.0,3,winter,1
456,189,4.5,2,winter,0
17,85,2.7,10,summer,0
406,76,3.9,1,summer,0
485,154,3.3,13,autumn,1
388,156,4.2,4,autumn,0
63,158,1.7,5,autumn,1
102,67,2.7,12,summer,1
276,49,3.6,13,spring,1
160,18,3.9,6,summer,1
387,60,2.5,5,spring,1
288,163,4.6,8,spring,0
374,91,4.5,4,spring,1
247,67,3.4,10,spring,1
73,176,5.0,10,spring,1
484,25,4.5,8,spring,1
97,34,2.7,3,winter,1
328,129,2.3,8,winter,0
85,101,3.1,11,winter,0
61,101,2.8,11,autumn,1
325,148,4.4,12,summer,1
153,68,3.8,8,autumn,1
34,120,3.8,6,autumn,1
211,40,3.5,12,spring,0
468,22,3.9,7,summer,1
74,110,4.4,5,summer,1
358,198,1.7,5,autumn,0
424,58,2.8,11,autumn,1
22,18,3.9,5,summer,1
447,19,2.6,13,summer,0
68,90,2.3,3,autumn,0
387,158,2.6,7,autumn,1
444,21,1.9,3,autumn,0
343,128,3.9,6,summer,1
439,23,3.6,12,summer,1
211,129,3.8,10,autumn,1
286,168,2.0,8,winter,1
223,131,3.7,3,summer,0
152,11,3.7,10,autumn,1
287,156,4.2,2,summer,1
360,127,1.6,1,summer,1
121,19,2.0,9,spring,0
292,10,4.8,9,summer,1
53,189,3.7,6,winter,1
393,27,2.8,14,summer,1
312,15,4.1,9,spring,1
146,64,4.1,3,summer,1
65,33,3.8,8,winter,0
163,82,3.8,13,winter,0
301,197,2.4,6,winter,1
20,160,3.4,8,winter,0
152,140,5.0,4,summer,1
129,166,4.1,11,spring,1
234,31,4.9,13,autumn,0
375,170,3.3,8,autumn,1
285,54,3.3,4,spring,1
343,103,2.4,8,summer,1
448,19,1.7,9,winter,1
287,127,2.9,2,autumn,0
313,181,2.5,10,winter,1
330,39,2.2,9,summer,1
429,110,4.7,11,spring,1
401,110,2.3,10,summer,1
462,11,5.0,4,winter,1
169,138,3.1,4,winter,0
310,180,3.3,12,spring,1
276,168,2.7,5,spring,1
391,195,4.1,4,spring,0
297,114,2.1,4,summer,1
356,28,4.2,4,spring,1
375,65,2.0,4,autumn,1
8,5,4.5,6,autumn,0
384,76,4.5,12,summer,0
58,70,1.8,3,summer,0
149,189,4.6,3,autumn,1
280,127,3.6,11,summer,0
482,95,2.4,6,winter,1
282,137,4.2,12,summer,1
257,162,2.4,8,summer,1
365,113,3.1,13,autumn,1
252,100,2.6,14,winter,1
284,32,2.7,5,spring,0
425,132,1.8,4,summer,1
100,49,4.2,13,autumn,1
350,120,3.0,4,winter,1
437,123,4.2,11,winter,1
324,197,2.3,10,summer,1
5,152,3.0,13,spring,1
217,134,4.3,9,spring,1
113,143,4.1,14,autumn,1
120,29,2.5,8,winter,1
349,47,2.5,5,winter,0
360,186,4.4,4,autumn,1
48,91,4.0,8,autumn,0
496,43,4.0,8,winter,1
341,146,2.9,8,winter,0
250,124,4.0,4,summer,0
364,16,4.7,7,winter,1
52,94,3.9,4,summer,1
363,3,2.7,1,autumn,1
134,31,4.5,13,winter,1
457,169,2.7,8,autumn,0
9,146,2.5,12,spring,1
199,167,4.4,7,spring,0
298,110,3.1,4,autumn,1
368,19,2.0,13,winter,1
236,33,4.6,12,winter,1
331,16,3.7,7,summer,1
0,126,4.3,5,winter,1
285,64,4.3,6,spring,0
190,92,3.0,6,spring,0
299,136,3.8,10,spring,1
145,63,4.4,1,spring,0
148,46,2.5,8,winter,0
335,109,3.8,11,autumn,0
321,174,5.0,4,winter,1
310,191,4.2,9,spring,1
143,101,3.5,5,winter,0
281,40,2.8,1,summer,0
97,0,2.4,8,summer,0
227,8,2.7,9,autumn,1
95,120,2.3,9,spring,0
410,81,4.6,10,autumn,1
229,19,2.2,6,summer,1
476,26,3.4,9,spring,1
198,111,2.7,6,winter,1
88,195,4.2,14,autumn,1
91,74,4.5,11,autumn,0
296,35,2.6,9,summer,1
131,158,3.2,8,summer,1
120,140,4.4,14,spring,1
141,107,2.6,3,winter,1
332,75,2.4,1,winter,0
36,199,1.9,10,winter,1
272,1,2.2,12,spring,1
211,172,4.7,3,spring,1
228,8,4.3,13,summer,1
245,78,4.6,2,spring,0
259,156,3.1,1,winter,1
35,3,4.4,11,summer,0
189,156,4.8,11,autumn,1
475,36,4.3,6,winter,1
61,195,1.3,13,summer,0
297,180,4.6,14,autumn,1
102,16,3.3,14,summer,1
47,88,2.5,12,summer,1
305,184,4.6,9,summer,1
247,181,3.3,2,spring,1
18,185,3.9,7,summer,1
471,4,4.4,7,winter,1
115,148,1.6,10,summer,0
436,127,3.1,3,spring,1
64,127,3.5,14,winter,1
96,144,4.8,3,spring,0
349,27,2.5,9,spring,1
317,60,4.1,10,winter,0
305,128,2.2,13,spring,1
393,49,2.0,2,winter,1
391,170,3.3,2,summer,1
356,52,4.7,8,spring,1
284,156,4.3,12,summer,1
401,35,2.1,8,summer,0
115,13,3.5,12,summer,1
298,77,4.4,8,winter,1
491,65,1.4,14,autumn,1
94,0,4.2,13,spring,1
483,54,2.2,5,spring,1
183,27,3.9,9,autumn,1
119,27,3.4,7,summer,1
444,162,4.4,10,summer,1
96,46,3.3,1,autumn,0
377,28,2.5,14,winter,1
415,198,3.1,12,summer,1
181,130,1.6,9,spring,1
267,95,2.7,14,summer,0
6,199,4.5,1,autumn,0
455,58,1.8,4,winter,1
268,163,4.8,13,autumn,1
35,15,3.4,12,autumn,1
158,122,4.6,10,winter,1
152,117,2.8,7,autumn,1
356,42,3.6,3,summer,0
404,25,3.7,7,summer,1
237,129,3.9,2,spring,1
487,32,3.2,3,autumn,1
297,14,1.7,3,spring,1
281,118,4.8,2,summer,1
45,166,2.2,14,autumn,1
410,102,2.2,3,summer,0
182,47,2.3,3,winter,1
261,169,2.6,1,winter,0
406,126,2.7,14,spring,1
363,135,2.8,6,spring,0
277,113,4.9,3,autumn,1
83,117,3.9,10,summer,1
93,82,5.0,9,autumn,1
0,179,5.0,4,winter,0
381,120,2.8,10,winter,1
371,95,2.9,7,autumn,0
107,85,2.9,12,winter,1
131,180,4.3,3,summer,1
75,11,4.9,14,autumn,0
127,138,2.8,10,spring,0
71,153,4.0,11,spring,1
468,3,2.1,12,summer,1
383,55,2.3,5,winter,0
379,99,3.2,1,spring,1
342,6,2.4,7,winter,1
213,90,1.8,8,summer,1
258,26,3.2,2,autumn,1
116,56,4.1,6,winter,1
208,75,4.1,8,summer,0
159,118,4.6,8,summer,0
359,44,2.4,11,spring,0
146,151,4.2,12,spring,1
418,156,2.7,14,spring,0
231,198,2.0,14,spring,0
119,82,4.4,8,winter,0
88,37,5.0,11,summer,1
230,72,2.1,6,summer,0
461,133,3.3,1,spring,1
190,195,2.1,14,autumn,1
254,37,3.0,6,winter,1
243,3,2.1,1,spring,1
320,20,1.8,3,winter,1
487,30,2.7,6,winter,0
92,111,4.5,4,summer,1
123,36,4.1,10,spring,0
170,139,1.0,8,spring,1
448,25,3.7,10,autumn,0
479,100,3.2,10,spring,1
42,133,3.0,14,spring,0
95,60,4.0,12,autumn,1
280,198,2.1,6,spring,1
137,53,3.2,11,spring,0
56,194,4.7,5,winter,1
220,82,3.5,5,winter,1
371,53,2.6,11,autumn,1
372,44,2.3,14,autumn,1
116,149,2.9,5,spring,1
305,12,4.5,4,summer,0
160,138,2.0,2,spring,1
238,57,4.4,1,winter,1
64,170,2.3,3,winter,1
74,132,1.9,2,summer,1
223,155,2.1,10,autumn,0
418,61,3.0,12,autumn,1
214,15,4.6,8,autumn,0
59,21,2.4,14,autumn,0
398,134,4.6,3,summer,0
395,56,3.9,1,winter,1
427,136,2.8,4,autumn,0
273,141,4.1,14,summer,1
471,167,4.1,3,summer,0
429,165,4.5,7,summer,1
41,29,4.5,5,summer,0
18,149,3.9,12,spring,1
55,179,2.3,3,autumn,1
87,152,3.3,2,spring,1
383,43,4.1,14,winter,1
99,45,1.7,1,autumn,1
79,46,2.9,4,winter,1
193,174,3.3,14,spring,0
458,43,2.2,13,summer,0
486,168,2.9,9,autumn,0
305,3,3.4,5,spring,1
93,119,2.9,14,autumn,0
158,106,4.2,13,winter,0
451,138,3.1,9,spring,1
433,198,2.9,11,summer,0
406,68,1.9,2,autumn,1
253,10,4.4,9,summer,1
322,194,4.5,13,spring,0
181,106,4.5,4,winter,1
276,34,4.8,2,spring,0
232,50,1.8,4,summer,0
367,152,2.7,1,spring,0
27,15,4.9,14,autumn,1
271,48,4.1,1,summer,1
181,31,3.3,12,summer,0
47,50,3.7,6,spring,1
147,96,1.9,7,spring,0
179,85,3.3,7,spring,1
79,85,4.7,1,winter,0
82,151,3.7,6,summer,0
441,50,4.3,10,summer,1
394,36,3.6,5,winter,0
229,57,5.0,5,summer,0
11,20,2.4,1,summer,1
305,111,3.4,1,winter,1
93,120,2.7,3,winter,1
475,168,4.7,11,winter,0
1,123,3.8,10,autumn,1
189,16,4.9,6,autumn,0
82,69,2.6,1,autumn,1
483,164,3.7,11,summer,1
230,3,3.1,7,winter,1
311,41,1.0,5,spring,1
91,43,3.1,11,summer,0
393,27,2.6,7,summer,1
292,129,2.2,12,summer,1
99,54,4.3,4,autumn,1
400,45,3.1,9,autumn,1
138,97,3.0,8,spring,1
169,70,4.6,6,winter,0
173,122,2.6,1,autumn,0
77,74,4.4,10,summer,1
159,106,3.3,3,winter,0
344,6,4.7,6,autumn,1
158,139,4.2,4,summer,0
342,75,2.2,11,summer,0
319,133,4.4,13,winter,0
352,48,2.9,10,winter,0
83,141,3.0,9,autumn,1
139,30,4.5,8,summer,1
189,98,2.5,3,spring,1
145,145,4.2,1,autumn,1
441,25,2.5,6,spring,1
50,55,2.5,9,autumn,1
308,91,2.2,6,summer,1
218,65,1.7,13,autumn,0
223,189,4.4,8,winter,0
256,6,2.3,13,spring,1
442,195,5.0,12,summer,1
97,35,2.1,4,summer,0
253,88,4.3,9,summer,1
220,93,2.5,5,autumn,1
267,47,4.3,13,autumn,1
60,130,3.6,11,winter,0
450,92,2.3,2,summer,0
486,100,4.2,5,winter,1
301,68,3.5,14,spring,1
60,104,2.4,14,summer,1
143,173,3.6,11,winter,1
95,9,3.0,1,spring,1
92,69,4.5,10,spring,0
482,8,5.0,2,autumn,1
35,91,3.3,13,spring,1
353,97,1.9,2,winter,1
187,179,3.3,7,autumn,0
87,192,4.5,14,summer,1
17,40,2.0,9,summer,0
16,192,4.2,10,autumn,0
147,40,4.3,2,spring,0
24,81,2.1,3,winter,1
136,92,3.8,9,autumn,1
204,28,4.3,12,summer,0
464,157,3.7,2,summer,1
93,66,1.8,13,spring,1
402,1,2.3,12,autumn,1
445,139,3.5,12,winter,0
308,71,3.0,5,summer,1
481,148,3.0,8,winter,1
443,125,2.9,7,winter,0
370,149,3.2,10,summer,1
120,127,2.1,6,spring,0
435,36,4.5,10,autumn,1
102,88,3.8,8,autumn,1
80,58,2.3,7,winter,1
98,170,4.5,11,spring,1
267,5,4.0,8,winter,0
206,120,3.7,13,summer,1
251,139,2.0,3,summer,1
231,94,4.3,5,summer,1
378,114,3.2,8,autumn,0
151,78,2.9,12,summer,0
297,37,4.4,4,autumn,1
344,121,4.6,14,summer,1
35,56,2.8,9,summer,1
226,88,4.3,6,winter,0
494,172,1.8,5,winter,1
86,195,2.3,1,autumn,1
11,49,4.9,5,summer,1
366,8,4.3,5,autumn,0
131,5,3.5,4,spring,1
442,189,3.8,8,autumn,1
429,54,4.0,14,spring,1
429,35,3.7,13,spring,1
156,70,3.8,8,summer,1
459,153,3.8,13,autumn,0
136,188,2.2,2,spring,0
390,42,2.0,2,summer,0
323,165,3.3,13,winter,1
210,128,2.2,3,summer,1
360,114,2.6,1,autumn,0
294,183,3.9,3,spring,1
200,162,3.4,14,winter,1
110,149,1.9,7,winter,0
173,139,2.5,5,autumn,1
144,8,5.0,8,winter,0
399,185,4.0,9,autumn,1
65,132,3.6,2,summer,1
142,21,3.2,13,winter,1
466,125,4.7,8,spring,1
364,145,2.2,4,summer,0
36,66,4.4,3,autumn,1
263,54,3.9,4,autumn,1
455,85,2.3,12,autumn,0
186,174,2.2,7,autumn,0
479,20,2.1,4,summer,0
29,96,2.4,8,summer,0
27,135,2.6,1,autumn,1
190,26,2.6,11,summer,0
195,71,3.5,13,spring,1
416,109,3.9,5,spring,1
119,105,3.6,12,winter,1
186,26,4.9,8,spring,1
266,172,4.7,11,autumn,0
184,137,3.3,9,winter,1
60,47,4.6,7,spring,0
93,137,4.2,5,spring,1
421,131,3.0,9,winter,1
32,103,4.1,14,summer,1
254,27,2.5,2,summer,1
242,136,2.2,6,autumn,1
352,105,3.2,10,summer,1
9,136,5.0,4,summer,1
433,24,3.1,4,spring,1
290,21,1.6,1,spring,0
336,138,2.5,1,summer,1
431,181,3.3,3,winter,1
412,60,2.3,2,summer,1
199,146,4.4,8,spring,0
80,66,4.2,5,winter,0
85,196,3.0,2,summer,1
60,99,3.6,2,summer,1
348,174,4.3,2,summer,1
409,44,3.1,11,autumn,1
290,99,3.3,13,winter,1
476,158,2.3,5,winter,1
375,176,4.5,3,spring,1
58,147,4.3,13,spring,0
156,135,2.9,4,winter,1
446,0,4.2,1,autumn,0
142,38,3.6,10,summer,1
263,170,4.7,14,autumn,0
336,180,1.7,8,autumn,1
408,52,3.5,6,autumn,1
443,128,3.6,12,summer,1
344,150,2.4,3,winter,1
347,174,3.2,10,winter,1
105,110,3.7,10,autumn,1
190,7,4.6,1,autumn,0
260,43,2.8,5,winter,1
304,72,4.0,2,autumn,1
38,130,2.5,14,winter,1
120,120,2.4,2,autumn,0
489,144,3.6,3,winter,1
261,50,2.7,11,summer,0
312,129,4.1,9,autumn,0
26,64,3.4,7,summer,0
154,103,4.5,13,summer,0
219,119,4.4,7,summer,0
326,30,3.2,12,winter,1
20,49,4.1,14,summer,1
187,2,4.6,14,summer,1
4,185,1.9,6,spring,0
366,149,4.1,7,spring,1
485,61,3.7,14,summer,1
48,45,2.4,13,summer,0
194,120,2.5,1,winter,1
405,32,1.9,9,winter,1
272,146,3.5,4,winter,1
217,143,1.7,11,autumn,0
136,137,3.2,4,spring,1
45,35,3.2,13,summer,0
449,37,1.8,3,spring,1
407,4,4.7,14,spring,1
141,199,3.3,3,spring,0
287,7,2.2,14,autumn,1
274,5,3.1,5,winter,1
414,2,3.3,2,summer,1
144,192,3.4,6,spring,1
193,74,4.6,14,winter,1
98,88,3.3,13,summer,0
203,196,2.2,11,autumn,1
355,98,4.3,10,autumn,1
235,87,4.0,4,autumn,1
202,173,4.7,8,summer,1
33,82,4.0,13,spring,1
126,138,4.4,1,winter,0
246,163,2.0,6,spring,1
234,13,2.1,14,summer,0
493,11,1.4,13,spring,1
36,174,1.8,10,autumn,0
112,103,4.2,8,winter,1
318,165,4.0,5,spring,0
257,12,3.0,4,summer,0
362,17,4.0,2,winter,1
9,115,4.7,1,summer,1
48,22,5.0,9,spring,0
188,190,4.4,12,autumn,1
91,142,2.8,2,summer,1
23,95,4.6,13,spring,1
383,69,2.4,11,spring,1
254,66,4.3,1,summer,1
40,160,4.2,4,autumn,1
307,170,3.4,8,summer,1
471,23,4.2,2,autumn,1
19,176,3.7,5,autumn,0
446,100,3.3,8,spring,1
63,172,2.0,14,winter,0
118,141,2.0,5,summer,1
252,114,3.2,2,spring,1
10,181,2.4,9,spring,1
82,105,1.9,11,spring,0
195,143,2.0,4,winter,1
381,163,2.3,3,summer,1
121,134,3.9,8,summer,1
266,129,4.5,11,spring,0
219,168,3.3,2,winter,1
435,31,4.5,7,spring,1
11,62,1.8,10,summer,1
126,69,4.2,10,spring,0
358,39,2.1,2,spring,1
326,17,2.0,13,summer,0
422,142,1.9,1,summer,1
363,125,4.5,12,winter,1
391,84,2.8,10,summer,0
405,138,2.8,14,spring,1
108,88,3.0,11,summer,1
138,196,2.3,5,winter,0
53,12,4.5,8,autumn,1
321,90,1.2,5,summer,1
405,109,5.0,4,autumn,1
425,159,2.7,2,spring,1
80,37,4.2,8,spring,0
353,183,4.3,4,spring,1
455,139,1.7,4,summer,0
33,26,4.7,3,autumn,1
448,130,3.1,13,spring,1
185,85,4.4,2,autumn,1
359,89,4.1,4,autumn,1
394,97,1.9,5,winter,1
494,138,4.7,1,summer,0
38,18,4.2,8,spring,0
40,126,5.0,8,summer,1
82,79,4.2,14,spring,0
1,185,3.5,12,summer,1
484,176,2.0,6,autumn,1
164,189,4.4,10,summer,0
100,143,1.7,13,winter,0
207,180,3.0,4,autumn,1
384,59,1.7,12,winter,1
409,23,3.5,12,autumn,0
119,192,4.5,14,winter,0
372,72,3.3,14,winter,1
324,156,3.2,6,winter,1
497,152,2.7,13,spring,0
44,164,3.4,13,summer,1
228,124,4.3,14,autumn,0
62,60,2.1,9,winter,1
4,10,5.0,6,winter,1
463,91,4.0,12,summer,0
244,166,3.4,12,spring,1
194,199,3.9,11,winter,1
132,127,2.6,10,spring,1
30,124,1.7,6,autumn,1
155,183,3.1,14,spring,0
497,37,3.7,7,summer,1
413,99,4.0,10,winter,1
157,44,2.4,7,summer,1
483,162,4.1,3,autumn,1
429,124,2.8,9,winter,0
289,95,4.5,3,autumn,0
343,96,5.0,3,summer,0
50,49,4.3,8,winter,0
375,82,3.7,4,summer,1
80,183,4.3,1,spring,1
237,168,3.6,7,winter,0
122,163,3.1,14,winter,1
361,115,2.6,6,spring,1
398,46,4.7,9,spring,1
295,21,2.2,4,winter,1
446,134,4.2,13,spring,1
329,156,2.6,10,spring,1
433,125,2.9,12,autumn,0
288,170,3.1,4,summer,0
80,150,3.6,2,summer,1
450,191,2.6,14,winter,0
63,134,1.5,14,spring,0
380,38,3.2,6,spring,1
123,198,1.3,12,autumn,1
378,36,3.9,4,winter,0
238,29,2.4,9,winter,1
13,84,3.2,12,spring,1
158,168,3.2,9,summer,0
371,29,2.3,11,spring,0
42,51,3.5,11,summer,1
84,58,2.4,13,spring,0
488,175,2.8,2,spring,1
375,168,4.0,13,winter,1
3,84,2.0,14,winter,1
384,104,1.3,4,winter,0
395,114,3.9,12,spring,1
113,132,4.4,10,winter,1
391,2,2.4,12,summer,1
27,9,2.8,3,summer,0
294,180,4.6,4,winter,0
323,28,3.1,6,summer,0
87,53,4.4,9,autumn,0
263,157,3.8,12,spring,0
176,26,3.6,14,summer,1
78,183,3.1,8,spring,1
99,30,5.0,8,summer,0
42,183,3.6,14,spring,1
428,55,2.6,3,spring,1
184,162,3.5,9,summer,1
126,197,3.9,10,summer,0
221,47,4.6,7,autumn,1
416,165,2.7,9,winter,1
272,155,2.2,11,summer,1
108,37,2.9,9,autumn,1
99,72,1.6,4,winter,0
165,104,2.4,8,summer,0
143,191,3.6,6,winter,1
38,101,4.3,10,summer,1
143,35,2.7,10,summer,1
414,20,4.8,4,winter,1
151,196,4.2,1,spring,1
170,83,4.8,6,winter,1
163,161,1.7,6,autumn,0
111,80,4.2,8,summer,1
171,40,1.8,9,summer,1
155,168,2.0,5,spring,1
6,175,3.0,8,autumn,1
259,92,2.4,9,winter,1
37,56,4.1,10,winter,0
233,168,2.2,8,winter,0
147,153,2.9,13,winter,1
437,81,2.7,1,winter,0
342,5,2.6,7,winter,1
488,37,3.3,1,winter,1
304,12,3.8,14,autumn,1
272,189,5.0,6,summer,1
78,9,4.4,12,winter,1
152,92,2.6,12,summer,0
3,187,2.3,12,spring,0
437,53,2.6,11,winter,1
285,91,2.9,3,spring,1
83,124,2.9,1,summer,0
110,16,4.1,11,summer,1
481,89,2.4,10,autumn,0
390,43,3.4,10,spring,1
345,152,2.3,9,summer,1
462,115,2.3,5,summer,1
282,164,4.1,5,autumn,1
237,190,4.3,3,spring,1
106,82,3.8,12,autumn,1
171,188,4.3,2,summer,1
103,150,4.3,14,spring,1
283,2,2.6,9,autumn,0
369,5,2.2,12,winter,0
493,55,3.0,11,autumn,1
318,92,3.8,1,autumn,0
487,41,2.4,6,autumn,1
80,19,2.6,14,autumn,1
467,74,2.6,5,summer,1
65,108,3.3,13,summer,1
196,185,4.3,1,autumn,0
26,97,3.0,4,spring,1
332,15,2.4,2,spring,1
60,138,3.0,10,summer,0
386,56,2.2,5,autumn,1
253,17,1.6,8,summer,0
262,5,3.9,14,autumn,1
269,58,2.2,7,summer,1
214,127,1.4,1,autumn,1
314,42,4.0,9,spring,0
363,31,4.1,13,spring,1
11,111,2.8,5,spring,0
242,32,2.6,5,winter,1
403,140,3.5,11,winter,1
196,61,2.1,11,winter,1
357,143,2.9,2,winter,0
430,61,2.9,10,autumn,1
439,171,2.1,14,summer,1
51,101,2.9,4,winter,1
119,181,4.0,3,spring,0
160,192,2.9,4,spring,1
181,155,2.5,12,spring,0
300,177,3.6,8,winter,1
259,197,2.2,13,spring,1
83,110,4.8,13,spring,1
88,127,2.3,13,spring,0
394,159,2.6,13,winter,1
426,12,2.4,4,winter,1
152,53,2.9,2,summer,1
228,8,4.2,3,summer,1
220,158,4.2,1,summer,1
442,58,2.0,14,autumn,1
351,170,4.6,12,spring,0
377,194,3.4,4,autumn,0
286,138,3.2,12,autumn,0
127,177,1.7,14,summer,0
198,149,4.1,7,summer,1
357,151,2.5,1,summer,1
21,90,4.7,2,spring,1
488,5,2.9,11,spring,0
215,66,4.1,14,summer,1
124,170,4.2,10,winter,1
352,179,3.3,9,summer,1
457,140,4.9,3,summer,1
286,140,3.3,10,autumn,0
155,85,2.9,14,autumn,1
186,128,5.0,6,spring,1
181,112,2.7,10,winter,0
141,5,4.1,14,summer,1
106,130,1.5,11,autumn,1
411,131,4.6,4,winter,1
386,110,2.3,4,spring,0
447,25,3.5,10,autumn,0
493,191,3.2,1,spring,0
142,8,3.7,1,winter,1
194,28,3.3,11,autumn,1
477,8,4.0,11,winter,1
270,42,5.0,7,autumn,1
207,159,3.3,9,autumn,1
490,20,3.1,10,spring,1
163,73,4.9,4,autumn,0
161,124,5.0,2,winter,0
274,188,3.3,6,spring,1
152,118,4.0,1,summer,0
193,125,4.6,13,winter,0
230,106,3.1,11,summer,1
81,15,5.0,4,autumn,1
276,32,2.3,14,winter,1
328,186,1.3,1,summer,0
452,161,2.2,8,summer,1
451,165,3.9,3,winter,1
77,59,3.2,3,autumn,1
14,27,2.6,10,winter,0
89,104,1.9,2,autumn,1
210,129,3.6,14,spring,0
498,128,2.1,13,summer,1
374,171,2.7,11,summer,0
113,123,2.9,2,summer,1
269,83,3.9,12,autumn,0
23,91,2.5,3,spring,0
411,157,3.9,6,autumn,0
388,14,4.1,4,autumn,1
208,21,1.8,2,spring,1
462,31,4.5,2,spring,1
16,122,2.2,3,autumn,1
56,195,5.0,8,autumn,1
215,36,1.8,11,summer,1
52,183,4.0,9,winter,1
102,56,3.6,3,summer,1
139,146,2.4,13,spring,0
159,72,4.4,11,summer,1
106,85,2.9,11,spring,1
380,33,1.6,8,winter,0
79,140,3.6,14,winter,0
470,143,2.3,4,winter,1
55,2,2.3,7,summer,1
80,145,3.7,10,autumn,0
31,130,1.6,1,summer,1
329,163,3.8,5,winter,1
478,12,5.0,1,winter,1
182,157,1.6,7,summer,0
261,97,1.2,4,summer,0
38,164,5.0,12,winter,0
316,6,4.2,13,spring,0
246,76,3.4,4,autumn,1
322,8,3.3,3,summer,1
250,197,1.9,10,spring,1
303,63,3.9,5,spring,1
499,93,2.0,14,spring,1
63,79,1.9,12,winter,1
324,85,2.9,9,winter,1
449,75,2.8,12,winter,1
146,140,3.6,1,summer,1
48,19,2.0,4,winter,1
268,98,3.0,6,winter,1
2,78,2.3,13,summer,1
104,140,4.4,5,spring,0
313,155,2.3,6,winter,1
137,102,3.5,2,autumn,0
204,109,3.8,3,winter,0
290,129,1.7,14,spring,0
52,178,4.5,13,winter,1
215,140,1.7,6,autumn,1
73,40,2.1,5,winter,1
288,74,2.9,2,winter,1
274,130,1.6,2,winter,0
166,13,2.2,14,spring,1
64,14,3.5,12,autumn,0
310,12,3.4,1,winter,0
83,131,4.3,1,autumn,1
390,41,3.7,2,winter,0
340,186,1.4,14,spring,1
142,195,2.4,3,autumn,1
36,5,1.4,14,autumn,1
121,103,3.4,4,spring,1
483,58,3.1,12,spring,1
459,147,3.0,1,summer,1
61,126,2.1,13,spring,1
155,163,4.3,5,autumn,0
119,9,3.8,8,summer,1
378,16,4.2,8,winter,1
493,155,3.7,14,autumn,0
164,39,3.9,4,spring,0
341,151,1.6,5,summer,0
371,94,4.2,9,winter,1
61,99,1.5,7,summer,1
72,187,2.9,4,summer,0
197,62,1.6,14,summer,1
479,38,2.2,9,summer,0
476,7,2.4,5,spring,0
459,65,1.5,6,summer,0
84,71,3.0,7,summer,0
184,18,1.6,1,summer,1
152,32,3.0,3,spring,0
476,72,2.0,14,autumn,1
224,15,3.2,12,autumn,0
5,44,3.6,6,spring,1
123,9,3.4,4,summer,1
195,174,5.0,6,autumn,1
256,199,2.2,1,summer,1
226,31,3.8,11,spring,0
395,107,2.6,3,summer,1
484,91,2.9,8,spring,0
20,54,3.4,8,summer,0
324,63,4.1,7,spring,1
84,135,2.1,13,summer,1
222,138,2.2,14,winter,1
252,66,4.1,9,spring,1
119,129,4.1,10,autumn,1
129,195,4.3,3,autumn,0
265,57,3.1,14,spring,1
258,143,1.8,14,autumn,0
106,53,2.2,6,winter,1
464,199,3.9,4,summer,1
147,81,4.8,13,autumn,1
355,159,2.5,10,spring,1
93,20,2.4,11,winter,0
77,12,4.4,5,winter,1
492,11,4.2,3,winter,0
361,24,3.5,14,spring,0
121,10,4.5,9,summer,1
92,53,3.3,13,autumn,1
119,146,2.8,3,spring,1
76,10,2.2,11,autumn,0
29,69,4.8,5,spring,1
17,79,2.6,10,summer,1
144,60,1.7,1,winter,1
372,64,2.2,10,spring,1
491,187,2.8,1,summer,1
311,16,4.2,8,spring,0
94,115,1.8,7,autumn,1
296,18,3.1,4,summer,1
263,74,3.2,14,autumn,0
397,175,2.6,10,spring,0
162,108,3.0,12,winter,1
398,15,2.1,14,winter,1
191,185,4.7,10,summer,1
266,177,2.6,11,autumn,1
84,131,2.8,1,summer,1
265,37,3.5,5,spring,1
330,7,3.4,6,spring,1
164,141,4.1,2,autumn,1
365,90,2.4,13,winter,1
46,118,3.4,9,winter,1
459,160,4.9,14,spring,1
20,56,3.9,4,summer,1
312,120,3.1,12,summer,1
47,79,4.2,13,spring,1
213,68,4.1,12,spring,1
246,31,3.3,11,autumn,0
418,90,2.9,13,spring,0
175,5,5.0,7,autumn,1
5,53,2.1,7,autumn,0
14,46,5.0,3,winter,0
426,44,3.2,9,winter,1
331,124,4.4,6,spring,0
262,73,2.8,10,spring,1
465,12,5.0,7,autumn,1
422,122,2.7,6,summer,1
332,24,4.0,7,summer,0
360,144,2.6,12,spring,1
34,193,2.9,11,winter,1
302,16,4.8,5,winter,1
292,142,3.0,8,summer,1
484,87,2.4,9,summer,1
446,93,2.4,5,winter,0
112,41,2.5,9,winter,1
453,165,4.4,11,autumn,1
487,125,3.6,14,summer,1
480,153,4.6,3,autumn,0
76,182,2.1,13,autumn,1
447,3,1.9,11,spring,1
251,89,3.4,10,summer,1
374,129,4.8,7,autumn,1
154,24,4.6,5,winter,0
185,142,3.9,12,summer,1
45,114,4.5,6,spring,1
271,149,2.2,5,autumn,1
168,52,3.0,8,autumn,0
235,19,1.6,6,autumn,1
222,143,2.0,13,winter,0
172,147,2.8,6,spring,1
336,138,2.6,3,winter,0
157,80,1.9,13,autumn,1
57,74,4.6,9,spring,1
181,23,2.6,8,winter,0
51,197,3.2,13,summer,0
374,181,2.9,5,autumn,1
306,87,1.7,3,summer,1
248,119,4.2,6,summer,0
282,141,3.2,5,autumn,0
362,162,3.8,2,summer,0
247,4,4.2,1,autumn,0
447,90,2.4,2,winter,0
425,136,2.0,6,spring,0
45,69,2.3,5,winter,1
48,165,4.4,5,spring,0
432,137,2.0,9,winter,1
247,175,2.7,2,summer,1
253,134,4.7,14,winter,0
397,10,4.3,5,autumn,0
458,17,3.6,10,spring,0
167,170,4.8,3,spring,0
226,9,3.2,10,winter,0
238,118,1.5,8,winter,1
233,87,1.9,6,spring,1
132,88,5.0,8,spring,1
269,50,2.0,11,summer,1
439,93,2.7,14,autumn,1
352,12,3.1,8,summer,1
82,15,2.0,6,spring,1
253,45,3.2,1,summer,1
229,132,2.5,8,summer,1
350,53,2.9,12,autumn,1
23,187,2.6,1,spring,1
286,175,3.8,6,summer,1
292,172,1.7,11,winter,0
346,195,3.4,9,autumn,1
110,11,2.7,10,summer,1
323,155,2.4,8,autumn,1
218,138,2.7,11,spring,1
393,46,4.9,12,spring,0
237,165,4.0,11,spring,1
350,126,4.2,8,summer,0
166,96,2.7,8,autumn,0
138,106,1.7,9,summer,1
424,199,3.2,7,autumn,1
11,108,2.3,1,summer,0
78,140,4.0,11,autumn,0
110,30,2.5,8,spring,0
71,127,2.6,9,autumn,1
169,20,3.5,6,spring,1
485,127,3.8,12,spring,1
300,43,4.4,11,spring,0
361,47,3.5,11,spring,0
6,13,2.9,3,spring,1
18,87,4.5,4,autumn,1
181,49,3.7,5,spring,1
236,58,1.9,10,autumn,1
465,77,4.1,2,spring,1
241,154,2.8,2,winter,1
190,121,2.9,10,spring,1
62,179,3.1,1,summer,1
115,71,2.8,6,winter,1
465,85,3.8,10,winter,0
425,47,3.3,1,spring,0
476,198,1.7,1,autumn,0
239,9,5.0,7,spring,1
400,22,3.0,8,summer,1
284,169,4.0,1,summer,1
213,196,2.3,3,winter,1
237,174,5.0,13,winter,0
353,14,2.2,1,winter,0
413,61,3.9,14,spring,1
471,189,4.3,10,summer,0
457,32,2.5,13,summer,0
297,176,5.0,6,spring,0
400,145,2.7,4,autumn,0
186,161,2.6,9,autumn,0
332,83,2.8,3,summer,1
50,34,2.8,1,summer,1
83,151,4.1,14,summer,1
156,67,2.3,9,autumn,1
147,76,4.7,11,summer,1
157,120,2.8,7,autumn,1
314,180,4.3,2,autumn,1
430,189,1.9,13,summer,1
112,22,5.0,10,autumn,1
376,51,3.7,10,winter,1
300,84,3.3,10,summer,0
232,6,3.6,9,spring,1
321,105,3.6,6,autumn,0
326,66,4.8,4,summer,0
246,161,2.5,11,summer,1
304,183,2.6,5,spring,1
65,128,2.0,3,spring,0
57,10,4.3,8,spring,0
496,84,1.9,11,summer,0
350,12,3.5,10,winter,0
192,181,1.8,11,summer,0
63,16,4.2,12,winter,1
351,27,4.4,3,summer,1
320,154,2.5,5,summer,1
260,40,4.1,10,spring,0
228,189,3.9,12,summer,1
317,151,2.2,13,autumn,1
24,5,1.5,13,spring,0
433,67,3.9,9,winter,1
447,136,2.7,5,winter,1
28,98,1.5,9,winter,0
384,2,3.6,1,summer,1
237,146,3.5,2,autumn,1
123,108,4.1,13,winter,1
106,147,2.6,2,autumn,1
14,185,4.3,3,autumn,1
250,67,2.1,2,autumn,0
60,54,4.7,12,autumn,1
37,106,2.8,5,winter,1
184,199,4.7,14,spring,1
413,133,2.7,4,spring,1
484,79,4.6,2,spring,0
434,176,3.2,8,spring,0
258,101,2.4,13,winter,1
83,138,5.0,12,spring,0
3,155,1.9,8,winter,1
192,30,4.2,5,summer,0
358,42,2.3,8,summer,0
263,138,3.8,5,summer,1
64,197,2.1,9,winter,0
214,189,3.9,9,winter,1
357,10,3.9,8,summer,1
68,18,3.0,7,summer,0
217,9,2.7,9,winter,0
143,156,3.7,10,summer,0
308,123,3.3,3,summer,0
44,189,3.7,6,spring,1
464,14,1.9,2,spring,1
412,157,5.0,4,autumn,1
223,77,3.9,5,autumn,1
279,139,3.0,5,summer,0
63,44,5.0,4,spring,1
101,123,2.4,4,winter,1
332,157,2.7,13,summer,1
73,84,1.8,2,summer,0
116,29,3.9,11,summer,1
45,193,2.5,10,summer,0
424,191,4.0,14,summer,1
461,29,1.9,11,summer,1
384,34,2.8,6,autumn,1
204,27,5.0,13,winter,0
406,192,2.1,11,summer,0
419,120,3.1,6,spring,1
467,47,1.1,10,autumn,1
259,199,2.8,1,spring,0
412,164,3.6,11,summer,0
68,157,4.3,14,summer,0
82,108,4.2,12,winter,1
265,191,4.7,12,winter,1
442,59,2.7,12,autumn,0
97,52,4.1,13,spring,1
220,110,2.8,6,autumn,0
82,57,2.5,12,autumn,0
193,72,2.0,8,summer,1
36,109,1.5,9,summer,1
328,102,2.4,2,spring,1
315,160,3.6,10,spring,1
66,166,2.7,3,summer,0
164,101,2.7,13,spring,1
219,98,4.2,11,winter,0
405,128,1.9,4,winter,0
160,117,2.4,8,winter,1
45,44,2.8,13,winter,1
177,87,4.1,8,spring,1
35,88,3.7,10,autumn,0
125,62,2.2,4,spring,1
51,83,5.0,10,autumn,0
309,49,3.4,2,spring,1
124,26,3.9,11,summer,0
27,46,3.7,6,spring,0
492,104,1.2,12,autumn,1
148,79,2.2,6,winter,1
92,67,3.4,4,summer,0
132,191,4.1,7,spring,1
182,163,4.1,13,summer,1
427,139,4.2,11,summer,1
176,38,3.4,9,spring,1
63,117,3.7,9,summer,1
225,58,2.5,1,spring,0
70,96,2.2,11,winter,0
124,123,4.2,14,summer,0
67,188,3.9,13,winter,1
1,115,3.9,9,spring,0
451,34,3.0,9,summer,1
413,17,2.0,9,autumn,1
400,15,3.6,12,autumn,1
343,167,4.0,8,winter,1
122,71,4.9,2,summer,1
213,94,2.6,14,spring,1
173,52,2.9,14,spring,1
345,178,3.5,12,autumn,1
336,197,2.9,5,autumn,0
192,23,2.1,7,winter,1
497,69,2.8,11,summer,1
320,135,3.2,3,autumn,0
391,70,3.2,4,winter,1
218,121,3.4,12,summer,1
205,46,2.5,10,autumn,1
79,33,3.6,13,summer,1
197,78,3.9,10,autumn,1
56,83,4.8,7,spring,0
306,101,2.0,8,autumn,0
47,29,4.3,7,autumn,0
265,50,3.8,4,spring,0
466,117,2.0,6,autumn,0
436,177,4.9,7,winter,1
459,30,3.7,7,winter,1
190,73,3.7,12,autumn,0
294,137,2.6,4,summer,1
44,185,3.9,12,autumn,0
26,1,4.0,11,winter,0
476,40,1.8,9,winter,1
393,61,1.9,1,autumn,1
137,61,3.7,12,autumn,1
308,192,4.4,5,summer,0
311,192,2.3,2,spring,1
96,19,2.1,14,winter,1
446,165,3.1,11,winter,0
63,0,1.9,4,spring,1
211,140,1.4,12,winter,1
153,81,2.9,3,autumn,1
290,34,3.0,2,summer,1
212,42,2.4,14,winter,1
121,101,3.1,12,autumn,1
225,12,3.5,1,autumn,0
4,81,2.3,1,autumn,0
255,58,2.2,7,winter,1
325,121,3.5,5,autumn,0
140,39,3.4,10,winter,0
205,196,4.9,5,winter,1
119,182,2.5,14,autumn,1
336,163,4.8,8,autumn,1
367,74,3.6,1,autumn,0
0,150,3.7,1,spring,0
6,118,4.2,8,winter,1
14,198,2.1,10,autumn,1
488,76,3.8,5,winter,1
211,46,4.4,9,summer,1
301,43,3.8,13,winter,1
483,97,3.0,12,autumn,0
304,107,2.1,13,summer,1
402,95,2.3,3,spring,1
17,128,3.2,4,spring,1
13,186,2.2,7,spring,1
228,81,2.6,10,autumn,0
409,26,1.7,7,autumn,1
422,149,3.7,6,winter,1
196,35,2.8,11,spring,0
420,136,2.7,10,autumn,0
113,28,2.8,5,winter,0
170,198,1.5,5,winter,0
494,131,3.7,6,spring,0
114,43,4.9,11,winter,0
122,55,3.7,9,summer,0
473,27,3.5,10,spring,0
129,170,3.9,11,summer,1
264,22,5.0,8,autumn,1
303,153,4.0,13,autumn,0
184,5,4.1,10,spring,1
214,91,4.7,10,summer,1
118,175,5.0,11,autumn,0
267,118,4.6,12,autumn,1
157,53,2.1,9,winter,1
479,155,3.3,13,summer,1
369,94,2.3,1,summer,1
67,15,3.2,4,winter,1
242,145,4.8,7,spring,1
191,65,1.9,13,summer,0
333,41,4.5,14,summer,0
147,19,4.0,9,autumn,1
196,182,3.5,4,summer,1
261,195,4.6,4,winter,1
154,58,2.3,14,summer,0
212,193,2.4,5,summer,1
38,155,2.6,4,winter,0
125,22,4.7,2,autumn,1
435,70,2.2,12,spring,1
2,74,3.0,7,winter,0
65,98,3.6,12,summer,1
289,9,5.0,3,spring,1
150,72,1.9,8,autumn,0
478,89,3.8,5,winter,0
145,148,2.3,13,winter,0
390,25,4.7,13,autumn,1
309,55,3.2,7,autumn,0
60,1,4.4,9,winter,0
233,92,2.9,6,autumn,1
52,50,1.8,6,winter,1
482,163,3.0,5,summer,1
498,122,2.3,1,autumn,1
403,2,4.8,5,autumn,1
35,5,3.6,4,autumn,1
79,20,2.7,12,winter,0
439,94,4.0,14,autumn,0
75,60,3.8,14,summer,1
269,35,3.0,13,summer,1
116,182,2.7,6,winter,0
261,68,2.7,14,summer,1
267,172,3.2,13,autumn,1
350,87,5.0,7,spring,1
36,196,3.4,5,spring,1
50,187,1.0,8,autumn,1
11,86,1.9,6,summer,1
200,130,3.1,2,winter,0
323,173,3.0,14,summer,0
83,17,3.6,7,winter,0
319,128,4.1,4,autumn,0
19,13,2.7,14,spring,0
420,127,2.3,4,spring,0
147,179,2.9,12,winter,0
223,187,2.0,11,winter,1
475,80,2.2,13,winter,1
91,68,4.4,13,autumn,0
300,174,3.9,13,autumn,0
351,99,4.8,2,summer,1
245,65,3.4,8,autumn,1
71,64,2.5,3,spring,1
376,187,1.9,5,spring,0
465,170,3.2,8,summer,1
449,74,3.2,12,summer,1
188,29,2.5,6,spring,1
345,150,5.0,4,autumn,0
264,12,4.5,3,summer,1
482,109,3.2,6,summer,1
144,41,2.2,14,autumn,1
223,95,3.1,13,winter,0
28,187,2.2,1,spring,0
299,1,2.8,10,spring,1
411,134,1.6,3,summer,0
168,11,4.7,2,autumn,1
166,67,2.3,12,summer,1
161,104,1.7,11,spring,0
432,152,2.4,4,summer,0
182,45,4.4,13,winter,1
86,58,2.9,12,spring,1
76,147,2.7,14,spring,1
140,140,2.6,4,winter,0
77,89,3.1,2,spring,0
481,25,3.5,7,autumn,1
401,97,2.6,8,summer,0
353,191,3.6,6,spring,1
487,149,2.2,5,autumn,0
375,61,4.1,7,summer,0
297,127,2.3,4,winter,0
357,73,3.1,3,autumn,1
209,50,3.9,6,spring,1
246,19,4.0,6,spring,0
465,181,2.7,7,winter,0
436,70,2.5,10,summer,0
149,149,2.1,5,winter,1
456,102,4.2,2,spring,1
466,133,2.7,12,winter,0
249,68,1.7,3,summer,0
37,30,3.7,7,autumn,1
236,162,4.2,7,winter,0
356,82,5.0,13,spring,0
5,29,2.1,10,summer,1
340,78,3.3,12,spring,1
291,170,4.0,9,spring,1
152,115,2.3,1,winter,0
263,36,3.4,5,spring,0
294,80,1.7,2,summer,0
89,86,2.4,9,winter,1
138,178,2.9,8,spring,1
286,11,2.0,12,winter,1
272,89,3.5,3,winter,1
222,17,2.5,5,spring,1
193,86,1.6,4,summer,1
328,160,4.6,13,winter,1
483,72,4.1,10,summer,0
33,121,3.7,13,autumn,1
411,65,4.2,4,spring,0
199,89,5.0,4,winter,1
308,101,3.0,9,winter,1
286,115,4.9,2,autumn,1
422,94,2.2,6,autumn,1
417,51,3.9,9,summer,1
111,191,3.0,9,autumn,0
320,136,2.7,14,summer,0
123,111,4.1,14,spring,0
105,87,3.6,7,spring,1
163,61,3.9,13,summer,1
101,113,3.4,6,winter,1
145,45,2.8,13,winter,1
419,59,2.9,4,spring,1
446,113,4.4,4,summer,0
452,38,1.5,7,winter,1
306,126,2.1,5,spring,0
56,132,1.6,12,autumn,1
91,188,3.9,6,winter,1
419,138,2.7,6,autumn,0
482,45,2.3,5,summer,1
136,107,2.5,7,spring,0
485,34,3.0,8,autumn,0
359,56,4.2,1,spring,0
404,190,2.6,3,winter,0
103,37,1.9,1,spring,1
17,116,4.6,3,autumn,1
398,83,1.6,12,summer,1
490,45,3.3,13,summer,0
13,48,4.1,9,autumn,1
265,110,4.8,5,winter,0
202,15,4.1,13,summer,1
403,82,4.7,12,winter,1
400,128,3.7,13,autumn,1
231,176,3.2,13,spring,0
332,22,1.8,2,spring,1
305,155,2.5,7,winter,1
194,185,2.2,4,winter,1
162,143,1.4,2,summer,1
485,19,1.6,9,spring,0
321,86,2.9,6,spring,0
133,45,1.9,10,spring,1
176,167,2.4,14,summer,1
22,18,4.7,9,spring,0
69,76,3.4,8,summer,0
434,83,4.2,4,winter,0
498,11,3.7,14,summer,1
491,134,4.1,12,autumn,1
30,66,4.1,9,summer,1
180,71,2.4,2,summer,1
165,176,4.1,8,winter,1
360,121,3.4,2,spring,1
105,37,5.0,5,summer,1
497,168,1.4,11,spring,0
116,114,3.6,12,winter,1
102,40,2.4,7,autumn,1
88,76,4.3,3,winter,0
55,14,3.7,1,spring,0
368,17,1.3,8,spring,0
466,147,2.0,2,autumn,0
295,93,3.1,12,spring,1
439,68,3.3,13,autumn,0
381,134,1.8,8,winter,1
445,81,4.7,9,winter,1
473,184,5.0,14,autumn,1
286,91,1.6,2,summer,1
266,4,2.8,6,spring,0
217,4,2.1,8,winter,1
496,100,3.4,7,autumn,0
260,27,5.0,6,summer,1
85,136,2.8,7,winter,1
10,39,1.8,4,spring,1
80,123,3.5,6,spring,0
347,65,3.5,14,winter,0
340,112,3.3,14,autumn,1
306,113,4.5,13,summer,1
289,158,4.1,11,autumn,0
120,65,2.2,11,summer,1
403,0,2.5,5,spring,0
234,82,3.8,13,winter,1
16,111,3.2,11,winter,1
437,21,2.0,6,winter,1
429,176,3.6,13,summer,1
250,65,3.1,9,autumn,1
488,6,3.5,2,summer,1
352,82,4.1,14,summer,1
143,145,4.1,14,winter,0
117,87,3.5,7,spring,1
178,181,2.2,4,winter,1
88,175,1.5,14,winter,0
192,141,4.0,5,summer,1
331,133,3.5,4,summer,0
215,42,1.9,8,winter,1
45,6,2.7,12,summer,1
318,44,4.9,1,autumn,0
91,114,4.0,8,summer,0
323,81,1.9,9,autumn,1
446,22,2.8,6,autumn,0
209,48,2.4,10,spring,0
142,65,3.5,2,spring,1
279,81,4.4,4,spring,1
31,181,2.2,8,summer,1
236,123,3.3,9,autumn,0
20,157,3.5,2,winter,0
369,18,3.3,8,summer,1
152,192,3.5,14,winter,1
292,114,2.1,13,summer,1
453,57,3.4,10,autumn,0
327,85,2.5,12,spring,1
414,41,4.4,5,winter,1
312,142,3.2,2,summer,0
182,188,2.6,7,autumn,1
239,22,1.9,6,winter,1
238,76,4.5,8,winter,0
266,146,2.1,12,spring,1
433,90,3.1,1,winter,1
481,13,4.7,10,autumn,1
165,176,4.3,13,winter,1
36,11,1.6,3,summer,1
177,8,3.4,9,winter,1
59,75,4.3,9,autumn,1
54,42,2.3,12,winter,1
138,88,3.0,13,summer,1
424,163,2.9,11,spring,0
66,176,2.9,11,summer,1
222,119,3.8,3,winter,0
10,194,4.1,3,summer,1
190,125,2.7,7,spring,0
27,156,2.3,14,winter,1
437,181,1.7,12,winter,0
369,63,2.1,12,summer,0
266,91,4.2,7,winter,1
137,148,2.7,6,winter,1
20,21,1.3,9,spring,1
10,93,3.9,1,spring,0
407,85,4.2,11,spring,0
210,184,4.6,9,spring,1
290,57,5.0,5,autumn,0
419,21,1.8,11,winter,1
12,78,2.7,7,winter,1
357,65,2.8,14,winter,1
298,2,3.8,1,spring,1
399,143,2.4,1,spring,0
228,92,2.5,1,spring,1
491,159,3.5,10,summer,1
46,89,2.9,14,spring,0
446,166,2.3,13,winter,1
196,170,2.6,4,winter,1
228,22,4.1,5,summer,1
287,186,2.2,1,spring,0
273,103,2.7,5,winter,0
181,42,4.9,8,autumn,0
92,1,2.7,3,summer,1
79,198,4.6,1,autumn,0
85,97,2.2,1,autumn,1
68,13,2.6,13,summer,0
459,127,5.0,5,autumn,0
421,7,5.0,7,autumn,1
378,114,4.0,4,summer,0
138,65,2.4,2,autumn,0
173,178,2.5,5,summer,1
426,40,2.5,13,spring,1
217,155,2.9,9,summer,1
257,168,3.0,5,autumn,1
313,138,4.7,10,winter,0
264,167,4.0,5,winter,0
437,165,4.6,1,winter,0
96,198,2.6,14,summer,1
78,182,2.2,8,summer,0
408,11,2.4,1,winter,1
432,170,3.3,11,summer,1
62,152,4.2,6,autumn,0
350,101,2.2,3,winter,0
263,33,4.3,14,summer,1
390,81,2.6,8,spring,0
392,26,3.9,10,autumn,0
278,14,4.3,10,spring,1
18,153,3.4,4,spring,0
17,125,5.0,8,summer,1
30,46,5.0,3,summer,1
28,1,1.9,2,winter,0
21,12,2.9,5,winter,1
402,62,1.4,14,autumn,1
117,3,2.6,7,winter,1
492,146,3.3,12,winter,0
378,21,1.5,3,spring,0
206,120,2.7,12,autumn,0
97,112,4.0,14,autumn,1
420,153,4.4,8,spring,1
153,47,3.7,13,summer,1
302,133,4.7,5,spring,1
355,67,2.1,5,summer,0
10,143,1.6,2,winter,1
154,198,2.6,14,winter,1
199,143,4.4,14,spring,1
372,118,3.4,14,autumn,1
432,42,2.1,12,spring,0
169,35,1.0,7,spring,0
117,145,4.2,10,summer,1
232,71,4.0,7,autumn,1
63,109,4.0,1,summer,1
298,32,2.1,13,autumn,1
368,173,3.5,13,winter,1
196,2,1.5,11,summer,1
217,133,3.2,9,spring,0
399,8,3.9,7,spring,1
459,121,4.9,1,summer,0
133,107,2.6,8,spring,1
452,2,2.5,6,summer,1
330,195,3.7,12,spring,0
94,73,3.0,12,summer,0
63,128,4.5,6,summer,0
439,30,4.7,9,spring,1
300,25,3.8,1,winter,1
391,69,2.4,10,spring,1
15,122,2.9,6,spring,0
360,2,4.3,1,winter,0
15,151,2.6,2,spring,1
471,35,1.3,6,summer,1
275,154,3.2,2,autumn,1
232,103,5.0,7,winter,0
168,54,4.0,10,autumn,0
194,87,4.2,10,winter,1
271,0,1.7,14,winter,0
480,68,2.2,9,summer,1
208,185,2.3,1,winter,0
483,36,2.3,13,autumn,0
496,54,4.3,10,winter,1
176,123,2.8,14,winter,1
301,100,2.3,3,winter,0
181,105,3.8,13,winter,0
132,142,3.0,10,winter,0
431,48,4.5,9,spring,1
240,112,2.3,13,summer,0
163,60,2.0,8,summer,0
230,124,4.1,2,winter,1
113,43,3.0,10,winter,1
252,103,3.8,11,spring,1
359,66,1.5,12,summer,0
423,166,1.9,13,autumn,0
321,64,1.6,6,spring,1
7,94,2.9,8,autumn,1
166,70,1.9,12,winter,1
95,116,3.5,5,winter,1
169,119,3.5,11,summer,1
247,177,4.3,1,summer,0
113,81,3.0,13,autumn,1
438,155,5.0,3,summer,1
322,190,4.0,5,spring,1
220,131,3.8,1,winter,0
334,184,3.7,9,summer,1
347,37,3.3,7,summer,0
381,125,3.3,7,winter,0
265,179,2.9,2,winter,1
363,97,1.4,9,autumn,1
382,48,4.3,5,autumn,1
461,74,4.4,13,winter,0
263,148,3.6,10,autumn,1
95,9,4.1,5,summer,1
3,21,2.0,12,autumn,1
187,19,4.5,8,spring,1
499,30,3.9,9,spring,1
199,8,4.5,4,autumn,1
161,83,4.7,5,autumn,1
371,24,4.4,9,winter,1
456,164,3.3,4,spring,1
83,79,3.8,4,spring,1
225,63,3.5,1,summer,0
38,20,3.8,5,autumn,1
330,57,2.7,5,autumn,1
354,93,3.4,7,spring,0
190,13,4.8,3,summer,0
301,71,2.5,14,spring,0
297,50,1.0,9,autumn,1
423,1,4.7,14,summer,1
340,118,4.8,9,autumn,1
404,100,1.6,5,winter,1
144,33,4.4,7,spring,1
340,185,4.5,5,spring,0
357,97,1.2,3,summer,1
223,158,4.5,6,winter,1
94,89,1.9,9,winter,1
464,139,3.9,14,winter,1
96,5,3.4,13,summer,1
432,27,2.5,12,winter,1
276,34,3.6,5,autumn,0
244,18,2.7,6,autumn,1
499,96,3.7,12,autumn,1
119,69,1.7,13,winter,0
249,14,1.3,7,summer,1
196,188,2.4,12,summer,1
284,127,4.3,7,summer,0
193,133,2.8,11,summer,0
255,139,2.1,8,autumn,1
114,74,5.0,1,autumn,1
425,135,3.9,10,spring,0
138,196,3.3,1,autumn,0
390,134,4.3,6,winter,1
467,77,2.0,13,autumn,0
166,106,2.4,1,spring,1
232,58,1.6,1,autumn,1
390,130,4.3,13,spring,1
486,82,5.0,14,winter,1
296,144,4.3,9,summer,0
170,185,2.5,8,summer,1
32,99,5.0,4,winter,0
41,160,3.8,9,spring,1
148,198,3.9,3,summer,0
227,3,2.9,1,spring,0
434,164,2.3,12,spring,1
458,134,4.5,5,summer,1
311,156,5.0,10,winter,1
126,169,2.2,10,autumn,0
17,37,3.0,5,winter,1
464,116,2.2,5,winter,1
288,126,2.1,2,winter,1
442,9,4.0,10,autumn,0
317,75,4.7,12,winter,1
143,70,3.2,2,winter,1
260,166,2.9,3,summer,0
239,76,1.4,9,spring,1
451,109,3.9,4,autumn,1
96,168,4.4,8,summer,0
114,145,2.6,9,spring,1
165,61,3.6,14,summer,1
93,25,1.0,7,summer,0
4,102,1.6,12,autumn,0
113,17,2.7,13,spring,1
295,104,2.7,2,summer,1
200,75,4.6,6,summer,1
241,134,1.7,13,winter,1
145,13,3.1,10,spring,1
289,0,3.9,7,autumn,1
484,101,2.4,1,autumn,1
24,164,3.6,2,winter,1
115,103,2.6,14,summer,1
449,184,3.2,8,spring,0
112,97,2.7,2,winter,1
61,10,2.6,14,summer,0
418,171,2.0,1,autumn,1
9,24,3.2,2,winter,1
411,65,3.4,7,winter,1
456,173,3.1,10,summer,1
326,11,4.4,5,summer,0
308,112,2.8,9,winter,1
477,28,4.3,3,winter,1
60,97,2.3,3,summer,1
41,44,2.6,6,winter,0
479,67,2.0,13,spring,1
412,141,4.4,10,autumn,1
441,115,2.5,12,autumn,1
283,19,1.8,10,autumn,1
384,57,4.2,4,spring,1
229,58,1.8,6,winter,0
15,41,3.2,14,autumn,1
476,25,2.7,8,summer,1
451,197,2.7,12,spring,0
400,135,4.8,11,summer,1
237,194,4.3,7,autumn,1
340,198,2.5,2,winter,0
437,46,1.9,7,autumn,0
297,60,2.5,8,winter,0
125,44,3.5,10,summer,1
27,57,3.3,9,winter,1
370,50,3.4,4,autumn,1
390,122,2.3,14,spring,0
136,14,5.0,3,spring,1
80,124,4.5,2,autumn,1
286,137,1.8,2,summer,1
384,175,1.8,12,winter,0
161,42,1.4,3,autumn,1
424,109,3.5,11,autumn,1
407,55,5.0,13,spring,1
3,69,1.5,14,autumn,0
208,171,2.2,13,summer,1
424,149,3.2,7,summer,0
234,190,3.3,5,winter,1
261,156,4.1,5,spring,1
98,100,4.1,7,spring,1
489,158,2.2,3,summer,0
24,45,4.3,1,winter,1
78,169,4.1,13,winter,1
285,158,3.0,4,summer,1
4,161,1.8,5,spring,1
364,102,1.9,8,winter,1
401,187,2.6,13,autumn,0
186,145,2.7,10,autumn,0
421,144,2.3,6,spring,1
2,175,2.2,4,autumn,0
156,135,3.0,13,winter,0
154,62,1.9,2,spring,1
314,153,2.7,6,winter,1
93,3,4.3,12,winter,1
338,40,2.2,14,summer,1
403,84,2.7,9,autumn,0
153,159,2.8,14,autumn,1
12,156,2.5,1,spring,1
96,87,2.8,10,spring,1
197,111,2.9,9,summer,0
450,157,2.5,8,summer,0
4,24,3.8,1,winter,1
111,46,4.7,9,winter,0
368,198,2.1,14,summer,1
466,180,4.7,13,autumn,1
80,140,3.6,13,winter,0
348,73,3.8,6,spring,0
110,169,2.6,10,spring,1
79,103,4.8,14,winter,1
270,98,3.2,3,winter,0
138,181,4.7,6,winter,1
136,90,3.3,6,spring,1
115,159,3.7,11,spring,0
444,193,2.8,9,summer,0
1,36,4.9,9,autumn,1
352,186,3.9,9,spring,1
419,36,3.5,14,autumn,0
408,195,1.0,6,autumn,1
269,180,3.7,6,autumn,0
493,59,4.2,8,winter,1
46,153,5.0,14,summer,1
325,114,2.6,12,spring,1
391,88,4.6,2,winter,1
427,176,3.2,11,summer,1
19,72,2.3,6,summer,0
222,102,2.9,1,spring,0
144,99,4.7,12,spring,1
179,58,2.4,12,spring,1
131,185,3.8,14,autumn,0
298,56,4.9,12,autumn,1
401,107,3.3,6,summer,1
70,136,2.8,14,winter,0
379,95,4.2,12,winter,1
20,196,2.9,5,spring,1
233,160,1.0,13,summer,1
231,69,2.9,9,summer,1
473,104,1.6,14,autumn,1
219,175,2.1,7,winter,1
164,100,2.8,10,summer,0
208,64,1.4,3,summer,0
20,54,3.6,14,autumn,0
109,189,4.7,6,summer,1
418,24,3.2,4,winter,0
317,14,3.3,9,autumn,1
56,52,3.9,11,summer,0
13,132,3.9,3,winter,1
89,110,2.8,14,winter,1
254,52,2.6,4,autumn,0
22,102,2.4,2,summer,1
122,117,4.0,6,winter,1
33,172,2.4,1,summer,0
338,15,3.2,13,summer,0
194,102,2.3,4,summer,1
239,153,2.4,10,autumn,1
14,86,3.1,1,spring,1
328,51,5.0,13,summer,0
44,182,3.7,2,summer,0
342,94,2.8,12,spring,1
21,53,2.5,7,spring,1
224,64,1.9,7,autumn,0
290,15,5.0,5,summer,1
83,152,5.0,5,autumn,1
137,80,5.0,14,summer,0
312,183,3.1,3,summer,0
494,66,1.9,12,winter,1
19,116,1.2,1,spring,0
216,129,3.4,2,summer,1
94,176,4.6,2,autumn,1
53,191,2.6,11,spring,0
41,22,4.7,12,summer,0
37,88,4.0,5,summer,1
206,83,3.9,6,winter,1
175,34,3.4,5,spring,0
452,103,4.1,7,autumn,1
230,101,2.7,3,autumn,1
391,26,2.3,7,autumn,1
445,178,4.9,6,winter,0
236,140,3.4,1,autumn,1
10,70,1.6,8,winter,1
121,76,3.2,4,autumn,1
280,178,2.0,3,autumn,1
86,47,2.7,10,summer,1
244,86,2.3,5,summer,0
325,197,4.7,9,winter,0
299,72,2.6,9,winter,1
161,33,5.0,8,autumn,0
207,17,2.0,13,winter,1
73,114,2.4,9,winter,1
465,146,2.2,4,summer,0
344,39,1.3,3,spring,1
130,81,2.7,1,summer,1
367,34,2.6,12,winter,1
289,3,3.4,9,spring,1
224,126,4.3,10,autumn,0
324,5,4.1,10,summer,1
353,47,4.1,4,autumn,1
49,148,2.1,5,autumn,1
303,31,4.1,1,winter,0
140,171,3.3,13,spring,0
36,105,1.6,11,spring,0
207,149,4.2,7,spring,1
397,145,4.6,3,autumn,1
143,194,3.7,10,winter,1
356,185,2.8,11,summer,1
248,108,2.6,3,winter,1
445,94,4.5,5,autumn,1
235,100,2.7,7,winter,0
226,198,1.0,12,autumn,1
64,88,2.1,14,spring,1
258,179,3.6,9,summer,1
469,151,4.8,12,spring,0
216,74,3.2,4,summer,0
309,164,2.7,8,summer,1
340,140,4.4,14,winter,1
9,119,4.5,5,autumn,0
48,90,1.9,12,spring,0
423,59,4.3,5,autumn,1
212,128,3.1,11,spring,0
442,69,2.2,4,spring,1
346,149,4.1,13,spring,0
373,198,1.2,5,summer,1
321,115,2.6,7,summer,1
77,152,2.5,7,autumn,1
365,79,3.7,9,autumn,1
104,88,4.3,13,autumn,1
145,137,1.9,9,spring,1
350,104,2.3,14,autumn,0
161,183,4.1,4,spring,1
206,77,4.2,14,winter,1
114,172,2.3,9,spring,1
424,115,3.4,7,summer,1
436,15,2.6,13,autumn,0
227,125,2.1,2,summer,1
418,119,3.7,10,spring,0
211,61,3.2,11,autumn,1
169,89,2.5,10,autumn,1
412,20,2.9,11,winter,0
25,79,3.2,14,spring,1
378,131,3.7,6,winter,0
50,57,4.6,4,winter,1
234,197,2.9,12,summer,0
377,25,4.4,9,summer,0
265,124,3.3,1,autumn,0
278,117,2.0,8,spring,1
310,192,2.9,12,winter,1
17,102,2.0,12,summer,1
357,120,3.3,13,autumn,1
22,189,3.7,7,spring,0
119,137,3.5,12,summer,0
40,49,5.0,1,spring,1
425,118,2.6,2,autumn,0
51,143,1.7,1,autumn,1
66,126,3.2,5,spring,1
15,73,5.0,8,summer,1
126,108,2.8,7,winter,1
114,127,2.3,1,autumn,0
274,176,2.5,1,autumn,1
15,56,4.2,1,winter,1
393,181,4.2,2,spring,1
408,20,4.7,10,spring,1
2,137,4.6,1,winter,0
455,178,2.8,2,summer,0
483,116,3.6,3,autumn,0
48,98,1.9,14,autumn,1
76,196,2.8,9,winter,0
375,32,2.2,13,summer,0
431,122,3.1,13,autumn,1
380,171,3.0,3,winter,1
105,142,2.3,11,summer,0
329,120,5.0,1,autumn,0
57,90,2.6,7,winter,1
52,1,4.4,2,summer,1
459,58,1.7,14,autumn,1
259,131,3.1,9,autumn,1
284,156,4.5,4,spring,1
152,112,4.2,7,summer,1
237,41,4.7,14,autumn,0
30,62,3.2,12,winter,1
173,101,2.1,11,summer,1
450,68,3.4,6,autumn,0
340,28,2.4,5,summer,1
427,148,4.3,12,winter,1
177,199,4.5,2,autumn,0
442,101,1.7,1,spring,0
4,46,2.6,4,spring,1
237,135,3.0,6,autumn,0
387,47,5.0,1,autumn,1
72,157,2.4,1,spring,1
434,60,4.7,7,autumn,0
449,73,3.2,14,winter,0
266,105,4.5,9,winter,1
149,57,4.4,10,autumn,1
336,33,2.3,8,spring,1
125,77,3.9,11,autumn,0
399,150,3.3,10,spring,1
69,41,4.0,9,summer,1
343,183,3.2,3,spring,0
201,137,2.8,13,winter,0
40,31,4.5,10,spring,1
403,47,3.1,8,summer,1
369,17,3.6,12,winter,1
479,91,3.2,8,winter,1
430,63,1.9,10,spring,1
427,61,2.3,13,winter,1
344,67,1.5,14,autumn,1
23,23,5.0,2,winter,1
22,6,3.7,6,summer,0
46,85,2.9,13,winter,1
485,195,4.7,8,spring,1
335,10,3.0,9,autumn,0
297,75,4.6,4,spring,1
15,198,1.8,1,autumn,1
10,130,1.6,14,winter,1
136,122,2.5,4,summer,1
71,12,4.2,14,summer,1
213,80,3.8,12,autumn,0
316,170,3.3,3,autumn,0
157,113,2.6,7,summer,0
56,134,1.2,3,autumn,1
24,196,2.5,3,spring,1
67,168,4.2,9,summer,0
75,141,4.9,10,summer,0
325,190,5.0,4,winter,0
236,106,2.6,7,spring,1
443,148,3.4,5,winter,0
264,180,5.0,7,summer,1
348,194,4.1,8,autumn,1
115,104,2.5,7,winter,1
383,84,3.3,2,summer,1
40,21,1.3,10,autumn,0
354,192,2.9,6,winter,1
50,168,3.7,7,summer,1
200,60,3.8,10,winter,1
112,46,1.8,8,spring,1
92,199,2.8,10,winter,0
167,22,2.9,1,summer,0
366,196,2.8,1,summer,0
185,82,5.0,14,spring,1
48,70,1.6,3,spring,1
112,57,4.1,3,autumn,0
124,102,2.9,8,spring,1
414,186,3.0,5,winter,1
377,65,1.3,4,summer,1
435,118,2.6,14,summer,1
450,103,2.9,4,winter,1
194,68,2.0,14,autumn,1
183,41,3.2,2,summer,0
449,6,2.0,2,spring,1
313,32,1.9,11,spring,1
388,36,4.7,7,winter,0
175,129,2.1,1,autumn,1
306,96,4.6,3,spring,1
441,77,3.9,9,summer,0
124,98,2.0,7,spring,0
359,193,2.6,4,summer,0
87,80,4.9,4,spring,1
357,61,4.0,11,autumn,1
373,50,2.2,14,summer,0
42,152,2.7,11,summer,0
479,62,2.4,7,spring,0
317,125,4.1,7,autumn,0
345,164,2.7,13,winter,0
203,127,4.2,2,winter,0
159,57,1.1,12,summer,1
410,46,3.5,5,spring,1
31,143,4.1,10,spring,0
284,84,3.0,4,autumn,1
386,122,1.7,13,summer,0
462,87,5.0,2,autumn,1
341,17,1.8,11,winter,1
249,133,2.1,7,autumn,1
443,187,3.3,3,autumn,1
314,33,3.1,12,winter,1
223,97,3.2,3,autumn,0
5,135,2.4,6,winter,1
39,83,2.9,11,autumn,1
18,141,3.5,11,winter,1
272,155,1.8,13,summer,1
278,36,3.8,5,winter,0
86,174,2.1,7,spring,1
13,116,3.3,9,summer,1
95,7,2.8,8,summer,1
430,91,2.5,6,winter,1
181,1,1.8,1,autumn,0
472,14,5.0,8,autumn,0
7,167,3.1,10,winter,1
398,47,3.0,11,summer,0
141,76,5.0,2,winter,1
448,126,3.3,2,autumn,1
339,162,2.6,8,summer,0
94,161,4.5,1,summer,1
263,37,3.6,10,spring,0
12,76,4.7,11,summer,1
309,18,3.2,1,winter,0
455,37,3.6,14,autumn,1
375,157,4.9,4,spring,1
229,179,4.7,5,winter,1
359,89,2.5,9,summer,1
27,48,4.4,7,summer,1
186,22,3.2,13,autumn,0
383,154,3.5,14,summer,1
272,127,2.1,10,winter,0
194,41,1.6,7,winter,1
416,9,3.3,11,spring,1
82,155,3.6,3,spring,1
453,118,2.3,13,autumn,1
179,166,4.6,12,autumn,0
242,136,3.5,6,autumn,0
87,195,2.6,10,spring,0
9,2,3.4,4,summer,1
300,51,3.4,9,winter,0
351,171,4.8,12,summer,0
88,113,2.5,6,summer,1
3,35,1.3,1,winter,1
223,190,2.8,6,winter,1
78,178,3.1,8,spring,1
476,126,5.0,5,spring,0
444,138,2.5,5,spring,1
182,40,3.3,9,autumn,1
453,93,5.0,2,summer,1
133,33,4.6,4,autumn,1
0,70,4.4,1,winter,1
410,27,3.4,5,autumn,1
46,120,3.4,5,spring,1
249,172,2.6,6,winter,1
423,104,2.1,8,summer,1
435,86,2.8,9,summer,1
406,18,4.7,6,autumn,1
232,189,4.1,11,winter,1
91,19,2.3,5,spring,1
480,155,2.4,13,spring,0
352,55,4.8,1,summer,1
448,85,4.6,9,summer,1
419,85,2.5,1,autumn,1
343,26,3.4,3,summer,1
76,193,3.8,4,winter,1
84,177,2.5,12,autumn,1
349,179,2.4,6,spring,0
121,26,4.0,4,winter,0
226,148,1.8,14,summer,0
14,151,3.3,4,spring,1
275,26,2.7,14,autumn,1
387,20,2.2,9,autumn,1
327,173,3.9,4,autumn,0
182,36,2.3,14,summer,1
165,48,3.3,11,winter,1
277,93,2.8,6,summer,1
22,88,3.8,3,autumn,1
206,116,4.6,12,winter,1
272,76,4.7,5,summer,1
161,169,2.8,8,autumn,1
409,95,3.2,6,autumn,1
37,62,2.6,9,summer,0
53,27,3.3,3,winter,0
204,34,4.1,14,spring,0
104,64,2.9,6,summer,0
308,109,2.0,7,winter,0
333,26,3.5,11,autumn,1
253,191,3.0,8,winter,1
291,58,2.0,14,spring,1
72,146,2.5,14,spring,0
345,166,1.7,4,winter,0
115,45,3.1,4,autumn,0
55,126,2.0,10,summer,0
203,39,3.1,11,spring,1
149,190,3.7,5,summer,1
140,111,2.0,2,autumn,1
325,10,2.9,5,spring,1
184,35,1.6,7,spring,1
79,108,2.2,5,spring,1
150,178,4.2,6,autumn,1
135,10,2.2,11,autumn,1
385,112,2.2,3,winter,1
362,131,3.0,8,autumn,1
362,181,4.4,10,autumn,1
139,34,2.4,3,winter,0
220,15,3.2,3,winter,1
144,120,2.6,4,spring,1
55,104,2.3,3,summer,1
70,105,3.0,6,autumn,1
295,133,4.4,3,autumn,1
325,151,3.8,6,summer,1
20,4,3.3,7,winter,1
200,10,3.9,10,autumn,0
499,173,4.9,4,winter,1
363,9,2.2,11,summer,1
285,93,4.1,8,winter,0
447,13,2.7,14,spring,1
7,100,3.2,4,winter,1
353,91,5.0,4,summer,1
30,195,3.0,7,spring,0
149,39,2.5,10,winter,1
306,196,3.2,11,summer,0
390,89,3.4,14,autumn,1
499,115,4.2,8,summer,0
29,1,2.1,6,summer,1
174,102,2.4,5,spring,1
430,78,4.5,7,autumn,1
42,115,2.9,3,spring,1
270,187,3.8,5,autumn,0
90,162,4.8,4,autumn,1
485,163,3.2,13,summer,1
463,122,3.6,5,spring,0
445,73,5.0,3,summer,1
305,84,2.3,5,autumn,1
122,31,3.1,8,winter,0
86,137,2.9,8,spring,0
341,186,2.0,14,autumn,1
107,31,3.7,2,summer,1
18,21,1.5,13,autumn,0
256,158,4.5,8,winter,1
144,14,2.1,3,autumn,1
142,58,2.9,7,autumn,0
231,114,3.7,4,spring,1
92,171,4.7,10,summer,1
334,46,4.1,2,summer,0
307,15,3.9,5,autumn,1
238,161,2.2,6,winter,0
101,142,2.8,3,summer,1
347,22,3.3,9,spring,1
345,62,3.2,10,spring,1
200,81,3.1,14,spring,1
70,72,2.4,4,spring,1
190,61,2.1,5,autumn,0
473,20,3.3,4,spring,0
353,49,5.0,13,autumn,0
143,105,4.0,10,autumn,1
324,50,2.5,14,summer,1
272,53,2.5,6,winter,1
260,35,3.5,8,winter,1
417,149,4.1,8,autumn,1
311,49,3.6,14,winter,0
461,139,1.5,11,winter,0
28,132,1.8,5,autumn,1
328,176,4.7,12,winter,0
87,108,4.1,3,autumn,1
423,59,4.2,2,summer,1
347,169,3.1,3,summer,1
196,37,3.0,5,summer,1
439,76,3.9,8,winter,1
29,132,2.0,12,summer,0
404,146,1.8,2,autumn,0
87,107,3.9,14,winter,1
27,167,3.0,5,autumn,1
2,39,3.5,7,summer,0
328,189,4.7,14,winter,1
458,52,2.5,9,summer,0
342,112,2.2,9,winter,1
271,162,2.2,13,spring,0
360,140,4.2,10,winter,0
121,117,2.2,3,summer,0
368,135,1.6,4,autumn,0
413,70,4.3,3,winter,1
314,62,4.1,6,autumn,0
54,123,2.3,12,winter,1
47,1,4.8,6,autumn,0
208,143,2.1,14,winter,1
151,121,2.8,1,winter,0
309,107,3.0,8,autumn,1
102,33,3.1,1,winter,1
436,105,3.3,1,autumn,0
305,144,4.3,2,autumn,0
478,86,1.9,7,summer,0
80,4,3.3,13,autumn,1
270,23,2.1,2,summer,0
165,34,1.7,12,autumn,1
470,171,2.2,6,winter,1
115,170,2.6,9,summer,0
38,196,4.9,13,winter,0
384,107,2.8,13,winter,1
271,76,3.6,2,spring,1
337,24,4.0,9,winter,1
30,125,1.8,8,autumn,0
375,63,4.7,7,winter,1
283,56,4.6,9,winter,0
56,154,3.8,1,summer,1
364,55,2.9,14,spring,0
443,190,1.8,1,spring,1
246,12,3.5,2,summer,0
387,9,2.2,12,summer,0
100,34,2.6,7,spring,1
